Transaction_ID,Customer_ID,Option_ID,Option_Name,Purchase_Date,Price,Dealer_ID
20001,10647,OPT005,Wireless Phone Charging,2024-04-05,1073,1038
20002,10878,OPT002,Panoramic Sunroof,2024-12-26,2572,1016
20003,10277,OPT010,All-Wheel Drive,2024-05-11,2190,1019
20004,10576,OPT008,Wireless Phone Charging,2024-02-20,1981,1017
20005,10744,OPT004,Navigation System,2024-05-07,2461,1016
20006,10474,OPT009,Leather Upholstery,2024-11-28,1240,1027
20007,10948,OPT006,Leather Upholstery,2024-03-23,1734,1035
20008,10141,OPT002,4-Zone Climate Control,2024-04-12,3460,1014
20009,10713,OPT010,Harman Kardon System,2024-10-10,2829,1025
20010,10046,OPT009,Premium Sound System,2024-01-17,1114,1004
20011,10077,OPT002,Adaptive LED Headlights,2024-06-13,2440,1024
20012,10712,OPT003,Premium Sound System,2024-10-15,2667,1022
20013,10461,OPT010,Panoramic Sunroof,2024-03-02,2712,1009
20014,10333,OPT004,Harman Kardon System,2024-01-30,1994,1004
20015,10533,OPT009,Harman Kardon System,2024-09-28,1334,1023
20016,10031,OPT009,Leather Upholstery,2024-05-13,1626,1048
20017,10924,OPT002,Wireless Phone Charging,2024-11-28,1280,1010
20018,10263,OPT005,Navigation System,2024-01-16,1427,1014
20019,10395,OPT003,Harman Kardon System,2024-06-10,2476,1039
20020,10300,OPT008,Premium Sound System,2024-06-04,2147,1028
20021,10121,OPT005,Navigation System,2024-02-18,1987,1020
20022,10666,OPT008,Wireless Phone Charging,2024-12-11,2997,1009
20023,10581,OPT001,Panoramic Sunroof,2024-12-19,1313,1007
20024,10767,OPT004,4-Zone Climate Control,2024-03-15,1150,1003
20025,10187,OPT002,Adaptive LED Headlights,2024-07-02,2670,1017
20026,10880,OPT004,Harman Kardon System,2024-05-12,3157,1045
20027,10016,OPT005,Adaptive LED Headlights,2024-09-07,2266,1047
20028,10048,OPT009,Adaptive LED Headlights,2024-11-15,1361,1021
20029,10041,OPT008,Navigation System,2024-06-30,3364,1017
20030,10869,OPT007,Parking Assist Plus,2024-12-13,1278,1017
20031,10675,OPT008,Navigation System,2024-08-24,2900,1029
20032,10010,OPT002,Adaptive LED Headlights,2024-08-23,1263,1050
20033,10817,OPT007,Adaptive LED Headlights,2024-02-24,2550,1008
20034,10721,OPT005,All-Wheel Drive,2024-09-05,2363,1039
20035,10417,OPT008,Adaptive LED Headlights,2024-10-11,2355,1010
20036,10396,OPT008,Panoramic Sunroof,2024-04-29,2360,1025
20037,10245,OPT004,4-Zone Climate Control,2024-05-22,2670,1026
20038,10220,OPT007,Adaptive LED Headlights,2024-06-28,1438,1032
20039,10777,OPT008,Panoramic Sunroof,2024-12-17,2162,1030
20040,10400,OPT010,Premium Sound System,2024-01-18,3205,1012
20041,10828,OPT006,4-Zone Climate Control,2024-01-01,2378,1040
20042,10192,OPT002,Premium Sound System,2024-06-24,1507,1038
20043,10158,OPT005,4-Zone Climate Control,2024-12-05,1657,1015
20044,10583,OPT007,Premium Sound System,2024-10-11,1718,1034
20045,10468,OPT001,Leather Upholstery,2024-11-15,1011,1013
20046,10364,OPT008,Navigation System,2024-08-26,2628,1007
20047,10520,OPT007,4-Zone Climate Control,2024-10-03,1805,1010
20048,10214,OPT006,Parking Assist Plus,2024-05-21,3169,1013
20049,10707,OPT002,Navigation System,2024-12-21,3124,1019
20050,10400,OPT004,Adaptive LED Headlights,2024-11-06,2094,1001
20051,10112,OPT006,4-Zone Climate Control,2024-03-04,2112,1017
20052,10197,OPT005,All-Wheel Drive,2024-06-15,2540,1044
20053,10164,OPT009,4-Zone Climate Control,2024-12-08,1844,1021
20054,10390,OPT008,Leather Upholstery,2024-12-16,3442,1038
20055,10460,OPT002,Wireless Phone Charging,2024-09-27,1787,1040
20056,10169,OPT005,Leather Upholstery,2024-09-18,2402,1037
20057,10161,OPT010,Leather Upholstery,2024-12-05,910,1017
20058,10221,OPT008,All-Wheel Drive,2024-10-10,2177,1026
20059,10909,OPT005,Navigation System,2024-06-01,1038,1023
20060,10086,OPT005,Navigation System,2024-11-14,1981,1011
20061,10964,OPT001,Parking Assist Plus,2024-07-21,2052,1024
20062,10775,OPT008,Panoramic Sunroof,2024-05-10,3207,1028
20063,10811,OPT001,Panoramic Sunroof,2024-06-14,1090,1010
20064,10204,OPT010,Navigation System,2024-10-06,1310,1028
20065,10278,OPT004,4-Zone Climate Control,2024-11-13,3446,1014
20066,10928,OPT003,Adaptive LED Headlights,2024-08-01,2520,1001
20067,10965,OPT001,Panoramic Sunroof,2024-04-24,3346,1006
20068,10380,OPT004,Wireless Phone Charging,2024-12-18,1847,1027
20069,10945,OPT001,Harman Kardon System,2024-06-09,1864,1046
20070,10751,OPT008,Panoramic Sunroof,2024-04-07,2801,1006
20071,10436,OPT008,Panoramic Sunroof,2024-08-26,1865,1030
20072,10708,OPT010,Leather Upholstery,2024-09-21,2986,1035
20073,10731,OPT004,All-Wheel Drive,2024-04-12,2458,1038
20074,10264,OPT001,Wireless Phone Charging,2024-06-09,2056,1043
20075,10787,OPT002,Harman Kardon System,2024-05-18,1026,1017
20076,10938,OPT003,Navigation System,2024-10-17,2292,1025
20077,10871,OPT002,Panoramic Sunroof,2024-05-14,2250,1006
20078,10567,OPT004,Adaptive LED Headlights,2024-09-08,2356,1046
20079,10675,OPT004,Wireless Phone Charging,2024-03-08,2402,1007
20080,10192,OPT002,Panoramic Sunroof,2024-01-01,3205,1007
20081,10600,OPT005,Leather Upholstery,2024-04-01,3121,1024
20082,10160,OPT001,All-Wheel Drive,2024-03-13,3328,1007
20083,10196,OPT007,Leather Upholstery,2024-08-11,1355,1016
20084,10494,OPT007,All-Wheel Drive,2024-09-26,1158,1036
20085,10034,OPT008,Premium Sound System,2024-01-16,1220,1041
20086,10767,OPT009,Wireless Phone Charging,2024-12-15,1651,1018
20087,10836,OPT004,Navigation System,2024-11-18,1713,1047
20088,10488,OPT002,Wireless Phone Charging,2024-02-04,3477,1026
20089,10766,OPT005,Wireless Phone Charging,2024-09-27,1146,1032
20090,10908,OPT005,Harman Kardon System,2024-09-12,2165,1027
20091,10975,OPT007,Parking Assist Plus,2024-02-04,825,1023
20092,10653,OPT010,Adaptive LED Headlights,2024-10-11,3297,1028
20093,10471,OPT004,Panoramic Sunroof,2024-05-18,1685,1034
20094,10721,OPT003,Premium Sound System,2024-03-26,2108,1029
20095,10325,OPT010,All-Wheel Drive,2024-09-21,1181,1021
20096,10333,OPT010,Navigation System,2024-07-21,2905,1046
20097,10510,OPT001,4-Zone Climate Control,2024-12-27,1346,1039
20098,10103,OPT001,Wireless Phone Charging,2024-06-08,1664,1008
20099,10942,OPT002,Wireless Phone Charging,2024-08-30,2953,1007
20100,10589,OPT006,Leather Upholstery,2024-04-20,3071,1011
20101,10506,OPT002,Premium Sound System,2024-07-07,1163,1047
20102,10401,OPT009,Wireless Phone Charging,2024-07-02,1840,1005
20103,10012,OPT006,Premium Sound System,2024-10-08,2372,1006
20104,10169,OPT010,Panoramic Sunroof,2024-09-09,2169,1012
20105,10297,OPT001,Panoramic Sunroof,2024-08-12,917,1045
20106,10671,OPT008,Premium Sound System,2024-02-14,817,1035
20107,10941,OPT003,Adaptive LED Headlights,2024-11-19,1394,1050
20108,10281,OPT006,Adaptive LED Headlights,2024-06-12,3171,1039
20109,10831,OPT007,All-Wheel Drive,2024-09-03,3055,1048
20110,10901,OPT007,4-Zone Climate Control,2024-08-11,2360,1045
20111,10220,OPT003,Harman Kardon System,2024-08-20,2800,1002
20112,10592,OPT007,Premium Sound System,2024-04-12,3232,1003
20113,10383,OPT005,Navigation System,2024-04-20,2424,1003
20114,10158,OPT008,4-Zone Climate Control,2024-03-27,1941,1008
20115,10960,OPT006,4-Zone Climate Control,2024-12-24,1242,1036
20116,10973,OPT009,Parking Assist Plus,2024-04-28,1652,1003
20117,10601,OPT009,4-Zone Climate Control,2024-08-28,1465,1014
20118,10832,OPT008,All-Wheel Drive,2024-01-31,1022,1036
20119,10266,OPT010,4-Zone Climate Control,2024-02-13,2909,1009
20120,10847,OPT009,Harman Kardon System,2024-03-30,2359,1012
20121,10316,OPT004,Wireless Phone Charging,2024-03-18,2549,1016
20122,10541,OPT003,Harman Kardon System,2024-10-17,2890,1032
20123,10887,OPT005,4-Zone Climate Control,2024-08-19,2035,1008
20124,10634,OPT003,All-Wheel Drive,2024-11-28,2056,1006
20125,10879,OPT005,Leather Upholstery,2024-06-21,1793,1006
20126,10379,OPT001,Harman Kardon System,2024-03-03,1060,1026
20127,10240,OPT001,4-Zone Climate Control,2024-01-16,1154,1038
20128,10309,OPT007,Panoramic Sunroof,2024-04-02,3028,1046
20129,10354,OPT002,Premium Sound System,2024-10-08,1058,1036
20130,10559,OPT005,4-Zone Climate Control,2024-03-24,2468,1010
20131,10336,OPT009,Parking Assist Plus,2024-09-26,1653,1043
20132,10156,OPT003,Navigation System,2024-01-20,1282,1022
20133,10079,OPT006,Premium Sound System,2024-05-31,3045,1017
20134,10156,OPT002,4-Zone Climate Control,2024-01-10,2996,1034
20135,10863,OPT001,All-Wheel Drive,2024-02-15,2780,1001
20136,10917,OPT007,Parking Assist Plus,2024-11-24,2613,1004
20137,10577,OPT003,All-Wheel Drive,2024-03-03,2478,1036
20138,10797,OPT004,Leather Upholstery,2024-04-20,1486,1027
20139,10665,OPT004,Parking Assist Plus,2024-10-23,1800,1020
20140,10965,OPT004,Premium Sound System,2024-07-04,847,1018
20141,10386,OPT001,Adaptive LED Headlights,2024-04-20,1674,1042
20142,10465,OPT004,Panoramic Sunroof,2024-11-19,2770,1025
20143,10673,OPT008,Parking Assist Plus,2024-01-07,2883,1010
20144,10625,OPT004,Adaptive LED Headlights,2024-01-18,3088,1006
20145,10732,OPT007,Navigation System,2024-05-19,3345,1034
20146,10537,OPT001,Leather Upholstery,2024-02-02,1640,1006
20147,10958,OPT002,Navigation System,2024-05-16,1272,1024
20148,10349,OPT007,Wireless Phone Charging,2024-10-08,837,1035
20149,10471,OPT004,All-Wheel Drive,2024-05-21,1812,1047
20150,10103,OPT007,Wireless Phone Charging,2024-02-11,2913,1047
20151,10193,OPT010,Navigation System,2024-05-20,3199,1030
20152,10326,OPT006,Panoramic Sunroof,2024-04-17,3478,1023
20153,10074,OPT009,Harman Kardon System,2024-10-18,2648,1001
20154,10456,OPT003,Panoramic Sunroof,2024-02-03,3173,1005
20155,10238,OPT003,Parking Assist Plus,2024-04-13,1538,1018
20156,10744,OPT005,Parking Assist Plus,2024-05-17,3250,1037
20157,10835,OPT004,4-Zone Climate Control,2024-03-15,3080,1033
20158,10284,OPT009,Parking Assist Plus,2024-07-21,2725,1049
20159,10603,OPT006,Wireless Phone Charging,2024-06-24,1284,1021
20160,10033,OPT001,Wireless Phone Charging,2024-06-05,1364,1040
20161,10202,OPT002,4-Zone Climate Control,2024-09-25,2269,1010
20162,10096,OPT009,Adaptive LED Headlights,2024-06-03,3136,1002
20163,10587,OPT010,Harman Kardon System,2024-09-03,960,1007
20164,10143,OPT010,Navigation System,2024-01-27,1001,1021
20165,10591,OPT008,Wireless Phone Charging,2024-12-04,3106,1015
20166,10548,OPT006,Parking Assist Plus,2024-02-11,1873,1048
20167,10146,OPT006,Adaptive LED Headlights,2024-11-01,1260,1039
20168,10628,OPT002,Wireless Phone Charging,2024-05-11,1297,1048
20169,10910,OPT001,Panoramic Sunroof,2024-03-07,1029,1023
20170,10333,OPT009,Leather Upholstery,2024-12-26,2407,1017
20171,10784,OPT003,Wireless Phone Charging,2024-03-20,856,1046
20172,10308,OPT006,4-Zone Climate Control,2024-02-17,2462,1041
20173,10866,OPT006,Adaptive LED Headlights,2024-11-25,3041,1027
20174,10160,OPT008,All-Wheel Drive,2024-06-16,2992,1033
20175,10774,OPT007,Premium Sound System,2024-11-23,1144,1031
20176,10554,OPT004,4-Zone Climate Control,2024-10-10,1504,1040
20177,10247,OPT007,Parking Assist Plus,2024-10-29,2348,1016
20178,10730,OPT007,Premium Sound System,2024-07-11,3312,1016
20179,10375,OPT005,4-Zone Climate Control,2024-04-26,2089,1038
20180,10556,OPT010,Navigation System,2024-08-13,2642,1006
20181,10348,OPT009,Premium Sound System,2024-11-08,1368,1002
20182,10776,OPT010,Parking Assist Plus,2024-07-06,1943,1050
20183,10831,OPT008,Adaptive LED Headlights,2024-05-10,3304,1013
20184,10905,OPT009,4-Zone Climate Control,2024-03-02,2087,1047
20185,10351,OPT005,Panoramic Sunroof,2024-02-26,1749,1019
20186,10067,OPT010,Panoramic Sunroof,2024-04-02,3079,1018
20187,10908,OPT001,Harman Kardon System,2024-03-02,2090,1009
20188,10118,OPT008,Wireless Phone Charging,2024-03-29,1976,1047
20189,10265,OPT001,Navigation System,2024-06-04,1831,1010
20190,10217,OPT004,Premium Sound System,2024-04-16,1544,1008
20191,10323,OPT005,Premium Sound System,2024-04-19,1794,1017
20192,10740,OPT005,Premium Sound System,2024-03-03,3246,1019
20193,10124,OPT006,Navigation System,2024-02-16,2699,1048
20194,10201,OPT004,Leather Upholstery,2024-07-21,2805,1048
20195,10804,OPT005,Harman Kardon System,2024-04-29,1869,1040
20196,10445,OPT004,Harman Kardon System,2024-10-17,2208,1029
20197,10265,OPT009,Navigation System,2024-09-12,1502,1002
20198,10976,OPT008,All-Wheel Drive,2024-11-21,2006,1013
20199,10481,OPT003,Panoramic Sunroof,2024-07-20,1888,1012
20200,10555,OPT001,4-Zone Climate Control,2024-10-11,3238,1044
20201,10973,OPT005,Navigation System,2024-09-19,1997,1028
20202,10558,OPT010,4-Zone Climate Control,2024-07-13,3256,1023
20203,10347,OPT006,Harman Kardon System,2024-04-20,3396,1003
20204,10483,OPT002,Wireless Phone Charging,2024-11-27,3111,1019
20205,10777,OPT002,All-Wheel Drive,2024-10-23,1253,1033
20206,10741,OPT010,Parking Assist Plus,2024-11-28,3157,1023
20207,10420,OPT001,Leather Upholstery,2024-12-19,1623,1036
20208,10145,OPT010,Harman Kardon System,2024-02-13,2586,1002
20209,10739,OPT009,Parking Assist Plus,2024-05-09,1330,1016
20210,10747,OPT009,Panoramic Sunroof,2024-05-09,1807,1027
20211,10514,OPT010,Adaptive LED Headlights,2024-05-17,2098,1042
20212,10464,OPT002,Wireless Phone Charging,2024-04-04,972,1025
20213,10955,OPT007,Leather Upholstery,2024-02-26,1297,1038
20214,10169,OPT006,Premium Sound System,2024-02-18,3275,1035
20215,10347,OPT005,Harman Kardon System,2024-07-20,3049,1028
20216,10804,OPT010,Premium Sound System,2024-08-14,2756,1048
20217,10148,OPT010,Adaptive LED Headlights,2024-12-13,2181,1045
20218,10316,OPT004,Parking Assist Plus,2024-02-23,836,1019
20219,10805,OPT005,4-Zone Climate Control,2024-12-23,1609,1001
20220,10023,OPT007,4-Zone Climate Control,2024-07-06,2865,1049
20221,10559,OPT003,Harman Kardon System,2024-08-04,2033,1006
20222,10211,OPT005,Parking Assist Plus,2024-12-20,2656,1005
20223,10449,OPT008,Harman Kardon System,2024-04-20,1649,1046
20224,10891,OPT009,Leather Upholstery,2024-09-03,2339,1044
20225,10861,OPT001,Wireless Phone Charging,2024-06-21,3040,1003
20226,10790,OPT008,Wireless Phone Charging,2024-09-30,883,1031
20227,10798,OPT002,Panoramic Sunroof,2024-01-10,2022,1042
20228,10819,OPT004,Parking Assist Plus,2024-02-23,2269,1017
20229,10393,OPT009,Leather Upholstery,2024-10-21,1514,1008
20230,10153,OPT002,All-Wheel Drive,2024-05-31,2831,1016
20231,10595,OPT006,Navigation System,2024-06-08,2374,1048
20232,10525,OPT003,Wireless Phone Charging,2024-09-04,1858,1038
20233,10505,OPT001,Adaptive LED Headlights,2024-10-16,3319,1006
20234,10746,OPT008,Premium Sound System,2024-01-27,2901,1041
20235,10277,OPT003,Premium Sound System,2024-04-29,2048,1048
20236,10566,OPT002,Adaptive LED Headlights,2024-05-31,2208,1006
20237,10531,OPT006,Adaptive LED Headlights,2024-06-19,2020,1009
20238,10815,OPT005,4-Zone Climate Control,2024-04-29,2551,1008
20239,10628,OPT001,Premium Sound System,2024-01-20,2031,1010
20240,10674,OPT010,Adaptive LED Headlights,2024-04-16,1416,1007
20241,10943,OPT004,Panoramic Sunroof,2024-09-15,2125,1040
20242,10932,OPT010,All-Wheel Drive,2024-07-24,2134,1027
20243,10906,OPT009,Premium Sound System,2024-03-19,2692,1022
20244,10813,OPT002,Premium Sound System,2024-12-16,2909,1014
20245,10842,OPT004,Wireless Phone Charging,2024-01-15,1581,1031
20246,10157,OPT005,Parking Assist Plus,2024-10-02,3074,1015
20247,10216,OPT001,Parking Assist Plus,2024-05-23,1155,1011
20248,10392,OPT003,Adaptive LED Headlights,2024-04-14,3267,1025
20249,10700,OPT004,Adaptive LED Headlights,2024-05-05,2864,1042
20250,10280,OPT001,4-Zone Climate Control,2024-08-01,2733,1011
20251,10524,OPT005,Leather Upholstery,2024-05-07,1622,1015
20252,10346,OPT001,Parking Assist Plus,2024-05-06,1847,1023
20253,10201,OPT003,All-Wheel Drive,2024-12-21,949,1014
20254,10304,OPT002,Premium Sound System,2024-10-09,1134,1032
20255,10668,OPT009,Harman Kardon System,2024-12-01,1465,1035
20256,10081,OPT007,Wireless Phone Charging,2024-09-14,1790,1032
20257,10605,OPT003,Wireless Phone Charging,2024-01-02,2781,1049
20258,10357,OPT004,Panoramic Sunroof,2024-11-25,2741,1006
20259,10574,OPT002,Harman Kardon System,2024-09-24,2859,1016
20260,10537,OPT006,Wireless Phone Charging,2024-11-27,2609,1045
20261,10111,OPT004,Panoramic Sunroof,2024-08-01,2270,1018
20262,10054,OPT001,All-Wheel Drive,2024-08-27,2744,1034
20263,10856,OPT006,Navigation System,2024-03-27,2596,1044
20264,10123,OPT004,Navigation System,2024-08-03,1508,1039
20265,10966,OPT004,4-Zone Climate Control,2024-11-25,2835,1001
20266,10469,OPT008,Harman Kardon System,2024-02-06,1422,1031
20267,10219,OPT001,Harman Kardon System,2024-10-29,3258,1020
20268,10525,OPT008,Harman Kardon System,2024-08-20,2722,1043
20269,10650,OPT001,Panoramic Sunroof,2024-07-04,2925,1033
20270,10386,OPT002,Harman Kardon System,2024-04-14,2199,1031
20271,10836,OPT002,Adaptive LED Headlights,2024-09-06,2024,1024
20272,10461,OPT003,Parking Assist Plus,2024-06-27,2187,1014
20273,10040,OPT001,4-Zone Climate Control,2024-01-04,2955,1050
20274,10167,OPT005,All-Wheel Drive,2024-08-11,3373,1006
20275,10126,OPT006,All-Wheel Drive,2024-01-12,935,1010
20276,10144,OPT004,All-Wheel Drive,2024-05-15,1612,1029
20277,10852,OPT001,Adaptive LED Headlights,2024-12-24,2272,1029
20278,10270,OPT001,Premium Sound System,2024-08-06,2061,1033
20279,10285,OPT005,Harman Kardon System,2024-07-29,2253,1024
20280,10654,OPT005,Leather Upholstery,2024-05-04,2388,1024
20281,10610,OPT002,Wireless Phone Charging,2024-09-12,1723,1042
20282,10794,OPT002,4-Zone Climate Control,2024-05-25,2291,1032
20283,10861,OPT001,Premium Sound System,2024-11-22,2112,1050
20284,10004,OPT007,4-Zone Climate Control,2024-06-12,2693,1028
20285,10899,OPT006,Harman Kardon System,2024-03-01,2179,1001
20286,10646,OPT008,Leather Upholstery,2024-02-14,1155,1024
20287,10870,OPT005,Parking Assist Plus,2024-09-22,2114,1025
20288,10219,OPT004,All-Wheel Drive,2024-12-11,2402,1017
20289,10969,OPT001,Premium Sound System,2024-04-14,2516,1020
20290,10441,OPT009,Premium Sound System,2024-01-28,1794,1016
20291,10277,OPT003,All-Wheel Drive,2024-02-23,2961,1038
20292,10454,OPT002,Navigation System,2024-06-14,3052,1046
20293,10245,OPT007,Leather Upholstery,2024-04-30,2082,1018
20294,10410,OPT006,Wireless Phone Charging,2024-07-12,2915,1050
20295,10220,OPT009,All-Wheel Drive,2024-08-24,1185,1042
20296,10930,OPT005,Leather Upholstery,2024-08-02,2203,1002
20297,10859,OPT006,Premium Sound System,2024-01-16,1465,1016
20298,10710,OPT007,All-Wheel Drive,2024-02-06,1127,1006
20299,10165,OPT004,Navigation System,2024-01-06,1855,1017
20300,10806,OPT001,Leather Upholstery,2024-06-25,1756,1049
20301,10061,OPT006,Harman Kardon System,2024-03-25,1756,1014
20302,10912,OPT003,Parking Assist Plus,2024-02-16,2321,1030
20303,10478,OPT010,All-Wheel Drive,2024-08-11,3362,1001
20304,10835,OPT009,Leather Upholstery,2024-11-22,930,1036
20305,10689,OPT003,Harman Kardon System,2024-01-31,2913,1014
20306,10101,OPT005,Premium Sound System,2024-10-29,2613,1010
20307,10500,OPT001,Adaptive LED Headlights,2024-02-15,2521,1046
20308,10257,OPT009,Parking Assist Plus,2024-12-02,2124,1013
20309,10511,OPT006,Harman Kardon System,2024-03-06,831,1032
20310,10058,OPT008,Wireless Phone Charging,2024-05-13,2552,1003
20311,10978,OPT002,Navigation System,2024-09-03,3082,1003
20312,10112,OPT005,Wireless Phone Charging,2024-02-23,1601,1047
20313,10752,OPT007,Wireless Phone Charging,2024-08-15,3323,1048
20314,10305,OPT002,4-Zone Climate Control,2024-09-30,1381,1050
20315,10220,OPT007,Premium Sound System,2024-11-02,2696,1029
20316,10255,OPT004,Leather Upholstery,2024-03-29,1670,1008
20317,10655,OPT003,4-Zone Climate Control,2024-10-18,1709,1038
20318,10857,OPT002,Panoramic Sunroof,2024-12-25,2400,1001
20319,10755,OPT005,Parking Assist Plus,2024-12-12,1193,1050
20320,10396,OPT001,Panoramic Sunroof,2024-07-18,1884,1041
20321,10441,OPT002,Adaptive LED Headlights,2024-12-19,3045,1031
20322,10663,OPT006,Adaptive LED Headlights,2024-07-25,2994,1012
20323,10498,OPT002,Leather Upholstery,2024-07-05,2138,1038
20324,10921,OPT005,All-Wheel Drive,2024-01-10,2010,1046
20325,10645,OPT001,Leather Upholstery,2024-03-20,2014,1037
20326,10485,OPT002,Navigation System,2024-02-22,959,1042
20327,10047,OPT008,Navigation System,2024-01-11,3002,1019
20328,10953,OPT004,Adaptive LED Headlights,2024-05-23,902,1044
20329,10093,OPT008,Harman Kardon System,2024-01-29,2334,1030
20330,10872,OPT010,Adaptive LED Headlights,2024-10-18,2057,1035
20331,10292,OPT008,4-Zone Climate Control,2024-03-29,1756,1045
20332,10757,OPT001,Harman Kardon System,2024-08-27,2655,1049
20333,10735,OPT006,Adaptive LED Headlights,2024-09-12,1543,1020
20334,10233,OPT006,Panoramic Sunroof,2024-03-30,2561,1010
20335,10663,OPT003,Panoramic Sunroof,2024-09-25,2492,1046
20336,10859,OPT010,Harman Kardon System,2024-11-25,1783,1033
20337,10526,OPT003,Premium Sound System,2024-04-05,2530,1015
20338,10392,OPT006,All-Wheel Drive,2024-03-04,2493,1009
20339,10633,OPT006,Premium Sound System,2024-04-14,2737,1019
20340,10182,OPT002,Leather Upholstery,2024-03-22,1323,1004
20341,10495,OPT003,Leather Upholstery,2024-05-13,2422,1042
20342,10568,OPT009,4-Zone Climate Control,2024-12-17,1966,1026
20343,10554,OPT009,Premium Sound System,2024-06-03,1113,1026
20344,10968,OPT005,Leather Upholstery,2024-03-12,1952,1038
20345,10698,OPT009,Navigation System,2024-08-26,1782,1048
20346,10228,OPT010,Panoramic Sunroof,2024-03-13,811,1022
20347,10499,OPT004,All-Wheel Drive,2024-07-22,2325,1006
20348,10108,OPT009,4-Zone Climate Control,2024-02-06,1428,1003
20349,10482,OPT008,All-Wheel Drive,2024-10-29,1375,1042
20350,10555,OPT009,Leather Upholstery,2024-12-12,1544,1032
20351,10132,OPT002,Adaptive LED Headlights,2024-01-01,3178,1001
20352,10942,OPT007,Premium Sound System,2024-05-22,3175,1047
20353,10090,OPT008,All-Wheel Drive,2024-02-04,2317,1041
20354,10553,OPT005,Parking Assist Plus,2024-10-20,2279,1043
20355,10608,OPT008,All-Wheel Drive,2024-11-14,2166,1004
20356,10176,OPT004,Navigation System,2024-12-08,2852,1021
20357,10632,OPT006,Panoramic Sunroof,2024-07-27,3064,1024
20358,10342,OPT001,Premium Sound System,2024-08-05,2075,1003
20359,10002,OPT002,Navigation System,2024-03-11,2851,1049
20360,10550,OPT007,4-Zone Climate Control,2024-03-10,1000,1031
20361,10922,OPT004,All-Wheel Drive,2024-05-12,1682,1010
20362,10274,OPT009,Panoramic Sunroof,2024-01-05,3140,1040
20363,10598,OPT006,Navigation System,2024-01-15,1362,1045
20364,10703,OPT010,Navigation System,2024-05-28,1393,1017
20365,10708,OPT006,Harman Kardon System,2024-12-10,2692,1040
20366,10680,OPT009,Adaptive LED Headlights,2024-06-27,2280,1023
20367,10607,OPT004,Panoramic Sunroof,2024-04-21,2438,1022
20368,10547,OPT005,Adaptive LED Headlights,2024-04-13,3481,1006
20369,10802,OPT008,Parking Assist Plus,2024-01-13,3077,1038
20370,10450,OPT010,Wireless Phone Charging,2024-07-21,2807,1014
20371,10365,OPT008,Adaptive LED Headlights,2024-03-09,1669,1002
20372,10680,OPT005,Navigation System,2024-02-18,2073,1034
20373,10331,OPT004,Parking Assist Plus,2024-02-03,1625,1047
20374,10933,OPT001,4-Zone Climate Control,2024-04-15,2880,1043
20375,10880,OPT009,Premium Sound System,2024-06-27,2193,1020
20376,10167,OPT007,Parking Assist Plus,2024-10-26,2204,1035
20377,10407,OPT006,All-Wheel Drive,2024-10-30,1542,1023
20378,10826,OPT005,Parking Assist Plus,2024-08-02,2758,1028
20379,10576,OPT003,Panoramic Sunroof,2024-03-02,893,1021
20380,10984,OPT005,All-Wheel Drive,2024-04-30,2897,1036
20381,10410,OPT001,4-Zone Climate Control,2024-11-19,1128,1008
20382,10706,OPT007,Navigation System,2024-02-24,1795,1046
20383,10149,OPT006,Parking Assist Plus,2024-06-10,1498,1026
20384,10129,OPT004,Leather Upholstery,2024-03-08,2799,1022
20385,10321,OPT008,4-Zone Climate Control,2024-03-02,1009,1017
20386,10839,OPT002,4-Zone Climate Control,2024-04-25,2716,1010
20387,10895,OPT001,Premium Sound System,2024-06-25,1589,1032
20388,10925,OPT003,Panoramic Sunroof,2024-11-27,2487,1030
20389,10748,OPT004,All-Wheel Drive,2024-11-22,1929,1050
20390,10255,OPT006,Navigation System,2024-04-22,1853,1012
20391,10689,OPT002,Premium Sound System,2024-09-01,2176,1011
20392,10226,OPT006,Adaptive LED Headlights,2024-02-21,3008,1021
20393,10596,OPT008,Adaptive LED Headlights,2024-01-26,3072,1026
20394,10805,OPT001,Leather Upholstery,2024-02-10,3492,1002
20395,10397,OPT002,All-Wheel Drive,2024-06-01,3418,1042
20396,10180,OPT002,4-Zone Climate Control,2024-01-12,2282,1004
20397,10939,OPT009,All-Wheel Drive,2024-01-06,3390,1022
20398,10693,OPT006,Panoramic Sunroof,2024-01-21,1493,1030
20399,10661,OPT004,Harman Kardon System,2024-07-04,2421,1046
20400,10980,OPT006,4-Zone Climate Control,2024-02-29,903,1011
20401,10303,OPT003,Wireless Phone Charging,2024-03-17,1841,1022
20402,10184,OPT001,Navigation System,2024-10-07,2478,1013
20403,10698,OPT010,Premium Sound System,2024-09-23,1580,1033
20404,10946,OPT005,Navigation System,2024-01-01,2630,1027
20405,10548,OPT009,Navigation System,2024-12-10,1747,1018
20406,10150,OPT004,Parking Assist Plus,2024-10-28,1482,1001
20407,10940,OPT009,Parking Assist Plus,2024-01-05,1576,1045
20408,10732,OPT008,All-Wheel Drive,2024-06-18,902,1022
20409,10767,OPT005,4-Zone Climate Control,2024-06-15,3443,1010
20410,10202,OPT010,Parking Assist Plus,2024-04-29,3003,1013
20411,10399,OPT006,4-Zone Climate Control,2024-05-19,2354,1032
20412,10587,OPT006,Panoramic Sunroof,2024-05-09,854,1015
20413,10960,OPT004,Leather Upholstery,2024-10-25,1769,1017
20414,10354,OPT004,Wireless Phone Charging,2024-11-25,915,1030
20415,10323,OPT003,Leather Upholstery,2024-09-15,1159,1005
20416,10028,OPT007,Wireless Phone Charging,2024-12-22,2535,1012
20417,10271,OPT003,Harman Kardon System,2024-08-19,1911,1006
20418,10698,OPT003,4-Zone Climate Control,2024-11-06,3298,1049
20419,10374,OPT003,All-Wheel Drive,2024-08-05,1931,1038
20420,10907,OPT004,4-Zone Climate Control,2024-01-10,825,1048
20421,10859,OPT002,4-Zone Climate Control,2024-07-05,2347,1023
20422,10341,OPT008,Harman Kardon System,2024-05-01,2728,1024
20423,10607,OPT009,Panoramic Sunroof,2024-01-29,1755,1003
20424,10853,OPT009,Wireless Phone Charging,2024-09-26,3142,1016
20425,10786,OPT006,4-Zone Climate Control,2024-04-26,3020,1004
20426,10852,OPT004,Premium Sound System,2024-11-16,1803,1018
20427,10167,OPT001,Navigation System,2024-04-09,2609,1047
20428,10159,OPT003,Harman Kardon System,2024-02-07,1262,1047
20429,10710,OPT008,Wireless Phone Charging,2024-07-11,3097,1013
20430,10567,OPT008,Leather Upholstery,2024-04-18,3402,1004
20431,10071,OPT006,Navigation System,2024-01-14,2202,1031
20432,10740,OPT005,Parking Assist Plus,2024-10-17,1045,1010
20433,10849,OPT003,All-Wheel Drive,2024-06-06,2150,1018
20434,10595,OPT007,Navigation System,2024-09-09,2502,1042
20435,10249,OPT008,Navigation System,2024-10-12,1331,1032
20436,10381,OPT010,Parking Assist Plus,2024-03-27,1105,1041
20437,10862,OPT007,Parking Assist Plus,2024-08-06,3288,1042
20438,10933,OPT007,Leather Upholstery,2024-07-25,2898,1042
20439,10392,OPT008,Parking Assist Plus,2024-01-11,1307,1022
20440,10354,OPT003,All-Wheel Drive,2024-05-22,1477,1001
20441,10558,OPT002,Wireless Phone Charging,2024-10-04,1314,1014
20442,10898,OPT006,Panoramic Sunroof,2024-10-28,3493,1041
20443,10231,OPT009,Premium Sound System,2024-05-18,1096,1007
20444,10057,OPT006,Harman Kardon System,2024-05-17,1253,1049
20445,10449,OPT002,4-Zone Climate Control,2024-01-27,3304,1006
20446,10991,OPT001,Leather Upholstery,2024-04-16,3291,1036
20447,10597,OPT009,Adaptive LED Headlights,2024-07-02,2434,1045
20448,10915,OPT009,Leather Upholstery,2024-05-01,2240,1023
20449,10375,OPT006,Navigation System,2024-07-13,2415,1042
20450,10827,OPT009,Panoramic Sunroof,2024-02-08,1644,1028
20451,10459,OPT010,Harman Kardon System,2024-10-06,3269,1024
20452,10993,OPT001,Parking Assist Plus,2024-10-26,1603,1035
20453,10582,OPT010,Parking Assist Plus,2024-06-02,1706,1025
20454,10031,OPT005,Harman Kardon System,2024-11-18,1131,1040
20455,10430,OPT006,Parking Assist Plus,2024-03-21,2373,1036
20456,10420,OPT003,Parking Assist Plus,2024-11-17,2800,1030
20457,10495,OPT010,Adaptive LED Headlights,2024-11-12,2835,1036
20458,10054,OPT001,Panoramic Sunroof,2024-01-04,2702,1027
20459,10089,OPT007,Leather Upholstery,2024-05-29,3418,1044
20460,10180,OPT005,Panoramic Sunroof,2024-02-24,2524,1031
20461,10847,OPT008,Leather Upholstery,2024-03-06,2471,1042
20462,10711,OPT010,Parking Assist Plus,2024-02-12,2184,1036
20463,10227,OPT003,All-Wheel Drive,2024-12-03,3154,1046
20464,10568,OPT008,Premium Sound System,2024-11-10,2465,1002
20465,10394,OPT007,Navigation System,2024-07-22,2207,1043
20466,10017,OPT002,Panoramic Sunroof,2024-07-25,1003,1016
20467,10544,OPT007,Navigation System,2024-06-10,2433,1016
20468,10930,OPT008,Harman Kardon System,2024-11-19,1994,1007
20469,10274,OPT004,Panoramic Sunroof,2024-05-04,3164,1011
20470,10107,OPT004,Panoramic Sunroof,2024-08-13,1161,1028
20471,10432,OPT003,Wireless Phone Charging,2024-12-12,2229,1024
20472,10322,OPT006,Panoramic Sunroof,2024-09-26,2819,1036
20473,10105,OPT003,Leather Upholstery,2024-11-16,1237,1019
20474,10225,OPT010,Navigation System,2024-08-13,2183,1046
20475,10925,OPT002,4-Zone Climate Control,2024-12-20,2280,1018
20476,10531,OPT007,4-Zone Climate Control,2024-11-21,914,1033
20477,10352,OPT006,4-Zone Climate Control,2024-08-29,2486,1026
20478,10509,OPT005,Navigation System,2024-06-14,2872,1034
20479,10268,OPT006,Parking Assist Plus,2024-09-08,2108,1044
20480,10733,OPT006,Harman Kardon System,2024-05-12,1580,1042
20481,10399,OPT002,Premium Sound System,2024-09-14,1654,1043
20482,10909,OPT004,Navigation System,2024-03-29,3050,1050
20483,10240,OPT010,Parking Assist Plus,2024-11-10,2836,1045
20484,10742,OPT006,Adaptive LED Headlights,2024-02-12,2414,1045
20485,10791,OPT008,Leather Upholstery,2024-06-10,1455,1045
20486,10435,OPT009,Navigation System,2024-08-19,2775,1046
20487,10709,OPT001,Navigation System,2024-10-21,840,1048
20488,10466,OPT002,All-Wheel Drive,2024-09-13,916,1050
20489,10019,OPT002,4-Zone Climate Control,2024-04-16,2274,1041
20490,10394,OPT002,Harman Kardon System,2024-09-07,1138,1042
20491,10440,OPT004,4-Zone Climate Control,2024-04-30,3466,1003
20492,10023,OPT001,Harman Kardon System,2024-06-02,1418,1018
20493,10252,OPT006,Parking Assist Plus,2024-06-11,1411,1048
20494,10445,OPT008,All-Wheel Drive,2024-11-09,2527,1030
20495,10157,OPT007,All-Wheel Drive,2024-09-12,1851,1018
20496,10937,OPT006,Premium Sound System,2024-07-27,3434,1001
20497,10849,OPT004,4-Zone Climate Control,2024-02-15,1115,1009
20498,10941,OPT001,Adaptive LED Headlights,2024-05-15,2021,1006
20499,10605,OPT005,Parking Assist Plus,2024-04-14,3152,1019
20500,10529,OPT006,Adaptive LED Headlights,2024-10-31,2479,1021
20501,10524,OPT008,Premium Sound System,2024-10-30,2089,1015
20502,10644,OPT010,4-Zone Climate Control,2024-03-02,3358,1038
20503,10644,OPT009,Parking Assist Plus,2024-04-08,2107,1037
20504,10047,OPT009,Premium Sound System,2024-07-13,1817,1044
20505,10432,OPT005,All-Wheel Drive,2024-01-28,3182,1014
20506,10558,OPT007,Wireless Phone Charging,2024-07-27,2784,1049
20507,10058,OPT008,Panoramic Sunroof,2024-12-10,1837,1039
20508,10377,OPT003,Panoramic Sunroof,2024-05-24,1214,1010
20509,10838,OPT007,Parking Assist Plus,2024-12-23,2399,1030
20510,10674,OPT002,Wireless Phone Charging,2024-11-14,3408,1027
20511,10058,OPT007,Harman Kardon System,2024-12-06,2354,1039
20512,10151,OPT007,Premium Sound System,2024-12-05,1723,1015
20513,10400,OPT001,Harman Kardon System,2024-08-18,2314,1049
20514,10899,OPT005,Premium Sound System,2024-03-27,2717,1026
20515,10282,OPT007,All-Wheel Drive,2024-02-16,2411,1032
20516,10938,OPT006,Panoramic Sunroof,2024-07-30,2483,1043
20517,10392,OPT002,Panoramic Sunroof,2024-03-27,2373,1028
20518,10589,OPT008,Premium Sound System,2024-02-19,1656,1049
20519,10406,OPT003,Leather Upholstery,2024-07-17,2667,1036
20520,10152,OPT010,Premium Sound System,2024-05-07,1956,1016
20521,10139,OPT006,Adaptive LED Headlights,2024-04-21,1993,1023
20522,10631,OPT002,Panoramic Sunroof,2024-05-17,2417,1044
20523,10648,OPT010,Adaptive LED Headlights,2024-02-28,2963,1024
20524,10131,OPT006,Premium Sound System,2024-07-19,1091,1022
20525,10991,OPT007,Premium Sound System,2024-08-03,2459,1009
20526,10366,OPT010,Premium Sound System,2024-01-27,2500,1007
20527,10918,OPT004,Premium Sound System,2024-10-05,2763,1042
20528,10985,OPT001,Adaptive LED Headlights,2024-09-03,3471,1015
20529,10864,OPT009,Leather Upholstery,2024-07-01,2062,1007
20530,10740,OPT005,Premium Sound System,2024-09-27,2736,1034
20531,10236,OPT003,Harman Kardon System,2024-07-24,982,1005
20532,10030,OPT004,Harman Kardon System,2024-03-14,823,1028
20533,10022,OPT003,Adaptive LED Headlights,2024-01-03,3359,1006
20534,10672,OPT002,Wireless Phone Charging,2024-12-30,1370,1027
20535,10713,OPT007,Adaptive LED Headlights,2024-05-18,2925,1016
20536,10010,OPT004,All-Wheel Drive,2024-02-03,3439,1014
20537,10565,OPT002,All-Wheel Drive,2024-12-23,2470,1045
20538,10098,OPT001,Harman Kardon System,2024-10-17,2064,1028
20539,10352,OPT008,All-Wheel Drive,2024-05-30,2767,1050
20540,10143,OPT007,Premium Sound System,2024-09-18,3359,1033
20541,10062,OPT007,Harman Kardon System,2024-01-31,1992,1010
20542,10308,OPT009,Adaptive LED Headlights,2024-06-09,3238,1004
20543,10935,OPT010,Navigation System,2024-09-16,1827,1036
20544,10923,OPT006,Navigation System,2024-09-29,2687,1006
20545,10694,OPT001,Wireless Phone Charging,2024-06-29,2020,1047
20546,10970,OPT008,All-Wheel Drive,2024-05-14,1963,1030
20547,10665,OPT001,Navigation System,2024-11-05,3121,1027
20548,10840,OPT006,All-Wheel Drive,2024-12-26,1817,1005
20549,10583,OPT006,Leather Upholstery,2024-09-02,2802,1045
20550,10865,OPT001,Navigation System,2024-06-22,3095,1044
20551,10882,OPT009,Wireless Phone Charging,2024-01-30,2125,1028
20552,10873,OPT004,Parking Assist Plus,2024-11-12,2220,1025
20553,10234,OPT008,Harman Kardon System,2024-05-05,3420,1044
20554,10190,OPT009,All-Wheel Drive,2024-02-28,1496,1031
20555,10492,OPT009,Navigation System,2024-08-24,1857,1020
20556,10647,OPT001,Parking Assist Plus,2024-08-14,2844,1029
20557,10628,OPT005,Adaptive LED Headlights,2024-10-19,2877,1009
20558,10298,OPT010,4-Zone Climate Control,2024-12-14,3295,1004
20559,10302,OPT001,Leather Upholstery,2024-03-17,2456,1003
20560,10549,OPT003,Adaptive LED Headlights,2024-09-29,1265,1018
20561,10889,OPT007,Wireless Phone Charging,2024-06-26,2152,1029
20562,10947,OPT010,Premium Sound System,2024-05-03,2840,1045
20563,10415,OPT004,Harman Kardon System,2024-02-29,2063,1020
20564,10400,OPT002,All-Wheel Drive,2024-06-18,2642,1024
20565,10875,OPT002,Parking Assist Plus,2024-05-26,1116,1042
20566,10606,OPT010,Adaptive LED Headlights,2024-11-18,1111,1040
20567,10765,OPT006,4-Zone Climate Control,2024-05-08,1235,1024
20568,10358,OPT002,Adaptive LED Headlights,2024-09-08,934,1011
20569,10523,OPT004,4-Zone Climate Control,2024-11-14,879,1005
20570,10344,OPT007,Parking Assist Plus,2024-08-16,1792,1020
20571,10502,OPT006,Parking Assist Plus,2024-07-07,1844,1037
20572,10246,OPT006,Adaptive LED Headlights,2024-10-20,3079,1006
20573,10800,OPT005,Adaptive LED Headlights,2024-06-25,2548,1038
20574,10614,OPT006,Adaptive LED Headlights,2024-10-13,1075,1047
20575,10659,OPT002,Wireless Phone Charging,2024-06-15,1402,1008
20576,10365,OPT006,Harman Kardon System,2024-01-17,1017,1037
20577,10852,OPT010,Adaptive LED Headlights,2024-07-28,1469,1030
20578,10665,OPT008,All-Wheel Drive,2024-12-23,1986,1037
20579,10327,OPT007,All-Wheel Drive,2024-12-18,982,1007
20580,10646,OPT006,Premium Sound System,2024-07-29,850,1019
20581,10377,OPT006,Premium Sound System,2024-02-20,953,1006
20582,10788,OPT007,Navigation System,2024-05-13,3067,1035
20583,10971,OPT008,Parking Assist Plus,2024-06-25,2962,1024
20584,10149,OPT001,4-Zone Climate Control,2024-11-22,1892,1029
20585,10016,OPT006,All-Wheel Drive,2024-09-14,3064,1031
20586,10114,OPT002,Premium Sound System,2024-08-24,3323,1012
20587,10931,OPT006,Harman Kardon System,2024-05-08,3357,1037
20588,10277,OPT001,4-Zone Climate Control,2024-02-27,940,1046
20589,10687,OPT001,Harman Kardon System,2024-02-20,2326,1003
20590,10178,OPT010,4-Zone Climate Control,2024-11-13,2489,1003
20591,10364,OPT007,Panoramic Sunroof,2024-06-14,2830,1030
20592,10322,OPT008,Leather Upholstery,2024-04-15,1158,1011
20593,10959,OPT002,Leather Upholstery,2024-12-28,1919,1040
20594,10768,OPT001,Panoramic Sunroof,2024-09-28,3372,1022
20595,10663,OPT004,Premium Sound System,2024-04-23,2665,1017
20596,10350,OPT009,Harman Kardon System,2024-09-22,2434,1002
20597,10094,OPT003,Harman Kardon System,2024-02-06,2843,1003
20598,10089,OPT002,Harman Kardon System,2024-09-11,2841,1022
20599,10422,OPT007,Navigation System,2024-05-09,1354,1003
20600,10681,OPT008,All-Wheel Drive,2024-04-05,1002,1050
20601,10447,OPT001,4-Zone Climate Control,2024-03-08,1915,1010
20602,10843,OPT002,Harman Kardon System,2024-11-12,1358,1003
20603,10999,OPT007,Panoramic Sunroof,2024-01-22,915,1027
20604,10912,OPT008,Adaptive LED Headlights,2024-11-03,1728,1042
20605,10642,OPT007,Harman Kardon System,2024-12-30,1752,1042
20606,10777,OPT009,Navigation System,2024-03-16,2877,1020
20607,10126,OPT004,Navigation System,2024-10-09,2675,1007
20608,10936,OPT008,Wireless Phone Charging,2024-01-02,2733,1010
20609,10306,OPT002,Premium Sound System,2024-01-16,1764,1031
20610,10997,OPT004,Harman Kardon System,2024-12-17,3056,1013
20611,10625,OPT002,Panoramic Sunroof,2024-05-03,1838,1026
20612,10428,OPT010,Adaptive LED Headlights,2024-10-04,927,1010
20613,10459,OPT006,Panoramic Sunroof,2024-07-16,3204,1007
20614,10556,OPT007,Premium Sound System,2024-11-11,1824,1023
20615,10601,OPT002,Harman Kardon System,2024-11-05,2394,1043
20616,10069,OPT002,Wireless Phone Charging,2024-11-06,933,1001
20617,10056,OPT001,Wireless Phone Charging,2024-04-23,1911,1010
20618,10108,OPT004,Harman Kardon System,2024-05-23,2903,1044
20619,10863,OPT006,Leather Upholstery,2024-11-02,1438,1046
20620,10633,OPT005,Adaptive LED Headlights,2024-06-14,1636,1049
20621,10562,OPT005,Parking Assist Plus,2024-10-26,3411,1009
20622,10227,OPT001,Navigation System,2024-08-26,2857,1046
20623,10359,OPT004,All-Wheel Drive,2024-10-19,1875,1048
20624,10099,OPT001,Navigation System,2024-12-22,2463,1048
20625,10928,OPT001,Leather Upholstery,2024-01-06,3220,1033
20626,10222,OPT005,All-Wheel Drive,2024-03-21,2746,1003
20627,10060,OPT002,Panoramic Sunroof,2024-08-15,3137,1037
20628,10810,OPT001,All-Wheel Drive,2024-09-13,2778,1004
20629,10615,OPT002,Premium Sound System,2024-09-13,988,1022
20630,10178,OPT007,Navigation System,2024-09-04,2277,1025
20631,10042,OPT002,Harman Kardon System,2024-06-11,1075,1044
20632,10642,OPT007,Panoramic Sunroof,2024-09-21,3386,1014
20633,10386,OPT005,4-Zone Climate Control,2024-11-11,3090,1021
20634,10880,OPT006,Panoramic Sunroof,2024-05-09,1456,1019
20635,10360,OPT008,4-Zone Climate Control,2024-08-17,2795,1025
20636,10638,OPT007,Premium Sound System,2024-12-19,3263,1024
20637,10682,OPT009,Adaptive LED Headlights,2024-03-29,2667,1026
20638,10176,OPT008,Leather Upholstery,2024-02-11,1282,1027
20639,10119,OPT009,Navigation System,2024-05-26,1238,1032
20640,10814,OPT004,Premium Sound System,2024-03-14,1663,1018
20641,10140,OPT003,Wireless Phone Charging,2024-08-12,1357,1038
20642,10718,OPT002,Parking Assist Plus,2024-09-09,3467,1005
20643,10098,OPT003,Harman Kardon System,2024-02-08,2633,1017
20644,10447,OPT010,4-Zone Climate Control,2024-04-05,3391,1019
20645,10280,OPT008,Wireless Phone Charging,2024-07-27,2839,1018
20646,10652,OPT009,Harman Kardon System,2024-03-22,1247,1016
20647,10720,OPT004,Harman Kardon System,2024-02-02,1884,1020
20648,10225,OPT008,All-Wheel Drive,2024-03-12,873,1001
20649,10341,OPT009,Leather Upholstery,2024-06-22,2281,1048
20650,10073,OPT004,4-Zone Climate Control,2024-09-07,3178,1021
20651,10742,OPT003,Navigation System,2024-11-07,1193,1046
20652,10848,OPT009,Adaptive LED Headlights,2024-11-23,3451,1003
20653,10834,OPT005,4-Zone Climate Control,2024-12-14,3362,1001
20654,10399,OPT004,Navigation System,2024-02-03,3409,1033
20655,10841,OPT003,Premium Sound System,2024-09-28,2368,1009
20656,10313,OPT008,Navigation System,2024-11-03,3057,1016
20657,10136,OPT007,4-Zone Climate Control,2024-01-03,3102,1033
20658,10722,OPT007,Adaptive LED Headlights,2024-06-06,2508,1017
20659,10882,OPT010,All-Wheel Drive,2024-07-03,2246,1014
20660,10442,OPT008,Wireless Phone Charging,2024-03-20,3149,1024
20661,10248,OPT005,Leather Upholstery,2024-08-31,2365,1050
20662,10773,OPT003,Panoramic Sunroof,2024-12-10,2385,1014
20663,10108,OPT010,Premium Sound System,2024-05-05,1907,1034
20664,10071,OPT010,Panoramic Sunroof,2024-12-19,3316,1031
20665,10434,OPT009,4-Zone Climate Control,2024-06-17,1754,1049
20666,10849,OPT001,4-Zone Climate Control,2024-10-07,1543,1023
20667,10463,OPT001,Adaptive LED Headlights,2024-11-08,814,1041
20668,10965,OPT006,Navigation System,2024-10-08,3347,1017
20669,10133,OPT001,Panoramic Sunroof,2024-08-06,3236,1037
20670,10583,OPT002,Navigation System,2024-03-06,1438,1013
20671,10298,OPT005,4-Zone Climate Control,2024-09-23,2617,1021
20672,10194,OPT008,Wireless Phone Charging,2024-06-27,2995,1017
20673,10976,OPT009,All-Wheel Drive,2024-01-05,1325,1024
20674,10499,OPT004,4-Zone Climate Control,2024-10-30,2039,1047
20675,10828,OPT009,Adaptive LED Headlights,2024-05-16,3459,1019
20676,10280,OPT004,Parking Assist Plus,2024-01-01,3475,1035
20677,10202,OPT002,All-Wheel Drive,2024-07-20,951,1001
20678,10222,OPT008,All-Wheel Drive,2024-04-08,2824,1016
20679,10213,OPT005,Navigation System,2024-02-21,2447,1007
20680,10411,OPT009,Navigation System,2024-04-21,2348,1017
20681,10745,OPT010,Parking Assist Plus,2024-09-17,1542,1033
20682,10388,OPT010,4-Zone Climate Control,2024-01-16,2820,1022
20683,10804,OPT006,All-Wheel Drive,2024-01-25,2416,1018
20684,10754,OPT010,Parking Assist Plus,2024-11-27,2392,1033
20685,10727,OPT003,Parking Assist Plus,2024-12-25,1634,1049
20686,10857,OPT010,Panoramic Sunroof,2024-09-11,2914,1045
20687,10918,OPT006,All-Wheel Drive,2024-10-02,2639,1018
20688,10384,OPT010,Navigation System,2024-07-20,1284,1029
20689,10774,OPT007,Parking Assist Plus,2024-04-17,2827,1030
20690,10823,OPT004,All-Wheel Drive,2024-10-19,1404,1032
20691,10969,OPT005,Leather Upholstery,2024-08-02,2479,1018
20692,10403,OPT002,All-Wheel Drive,2024-05-17,1613,1018
20693,10531,OPT006,Leather Upholstery,2024-10-27,3489,1044
20694,10865,OPT003,Harman Kardon System,2024-12-06,1510,1048
20695,10089,OPT006,Premium Sound System,2024-10-15,2733,1038
20696,10678,OPT004,Premium Sound System,2024-09-22,2178,1040
20697,10791,OPT009,Panoramic Sunroof,2024-12-03,1518,1025
20698,10992,OPT005,4-Zone Climate Control,2024-09-29,1516,1025
20699,10916,OPT009,All-Wheel Drive,2024-08-28,3134,1001
20700,10436,OPT005,Adaptive LED Headlights,2024-11-21,1497,1033
20701,10075,OPT005,Premium Sound System,2024-07-28,2574,1020
20702,10308,OPT004,Harman Kardon System,2024-08-28,1052,1040
20703,10220,OPT010,Parking Assist Plus,2024-07-20,1852,1046
20704,10959,OPT006,4-Zone Climate Control,2024-06-02,1791,1039
20705,10102,OPT001,Leather Upholstery,2024-08-19,2859,1036
20706,10266,OPT006,Harman Kardon System,2024-09-01,1854,1027
20707,10456,OPT003,Wireless Phone Charging,2024-01-01,2764,1050
20708,10207,OPT007,Parking Assist Plus,2024-07-13,2237,1014
20709,10116,OPT004,4-Zone Climate Control,2024-03-07,1444,1025
20710,10479,OPT008,All-Wheel Drive,2024-11-17,2491,1048
20711,10060,OPT010,Premium Sound System,2024-06-15,3012,1039
20712,10981,OPT006,Wireless Phone Charging,2024-10-15,2380,1044
20713,10385,OPT005,Panoramic Sunroof,2024-03-07,1273,1015
20714,10361,OPT007,Navigation System,2024-06-30,2883,1020
20715,10896,OPT004,Navigation System,2024-12-18,1723,1050
20716,10678,OPT001,Parking Assist Plus,2024-11-22,3279,1044
20717,10748,OPT005,Leather Upholstery,2024-06-29,944,1009
20718,10735,OPT006,Parking Assist Plus,2024-12-01,3331,1034
20719,10237,OPT003,4-Zone Climate Control,2024-09-22,1327,1028
20720,10248,OPT003,Wireless Phone Charging,2024-04-12,1918,1046
20721,10795,OPT005,Leather Upholstery,2024-03-01,2697,1047
20722,10756,OPT005,Panoramic Sunroof,2024-11-06,3191,1031
20723,10518,OPT009,Adaptive LED Headlights,2024-11-01,964,1013
20724,10025,OPT001,Panoramic Sunroof,2024-05-01,1817,1019
20725,10309,OPT004,Navigation System,2024-03-16,3463,1040
20726,10815,OPT004,Panoramic Sunroof,2024-04-02,2589,1014
20727,10263,OPT006,Leather Upholstery,2024-10-18,1621,1019
20728,10025,OPT003,4-Zone Climate Control,2024-04-18,3098,1034
20729,10715,OPT010,All-Wheel Drive,2024-01-02,1438,1046
20730,10706,OPT010,Panoramic Sunroof,2024-10-22,3417,1048
20731,10590,OPT010,Panoramic Sunroof,2024-03-02,2603,1032
20732,10049,OPT008,Leather Upholstery,2024-06-27,2404,1047
20733,10928,OPT001,Panoramic Sunroof,2024-02-29,3149,1004
20734,10761,OPT009,Panoramic Sunroof,2024-09-25,2187,1048
20735,10100,OPT002,Harman Kardon System,2024-04-22,2944,1036
20736,10337,OPT007,Premium Sound System,2024-10-30,1159,1027
20737,10124,OPT008,All-Wheel Drive,2024-05-21,2687,1011
20738,10422,OPT007,Parking Assist Plus,2024-05-29,3132,1018
20739,10386,OPT006,Premium Sound System,2024-09-15,2300,1008
20740,10011,OPT004,Parking Assist Plus,2024-03-28,1839,1017
20741,10756,OPT010,Navigation System,2024-07-17,1276,1036
20742,10024,OPT008,Parking Assist Plus,2024-08-25,2869,1050
20743,10559,OPT007,All-Wheel Drive,2024-08-24,1515,1019
20744,10531,OPT004,Premium Sound System,2024-10-11,1908,1035
20745,10490,OPT005,Harman Kardon System,2024-06-17,1272,1010
20746,10358,OPT006,Adaptive LED Headlights,2024-11-13,2281,1009
20747,10532,OPT005,Adaptive LED Headlights,2024-06-13,1031,1008
20748,10238,OPT008,Navigation System,2024-12-16,3466,1016
20749,10284,OPT006,All-Wheel Drive,2024-05-30,2043,1024
20750,10315,OPT008,Harman Kardon System,2024-04-23,1984,1047
20751,10610,OPT006,Premium Sound System,2024-02-11,3150,1010
20752,10563,OPT006,Wireless Phone Charging,2024-03-15,2837,1034
20753,10661,OPT006,Parking Assist Plus,2024-10-03,1056,1005
20754,10757,OPT006,Harman Kardon System,2024-09-25,1972,1006
20755,10148,OPT008,Parking Assist Plus,2024-06-26,1407,1011
20756,10856,OPT008,Parking Assist Plus,2024-02-04,1592,1049
20757,10355,OPT003,Parking Assist Plus,2024-10-13,2326,1050
20758,10087,OPT001,All-Wheel Drive,2024-05-17,1447,1042
20759,10381,OPT010,Premium Sound System,2024-01-19,2663,1001
20760,10176,OPT009,Wireless Phone Charging,2024-03-24,1021,1005
20761,10451,OPT001,All-Wheel Drive,2024-11-20,3370,1038
20762,10708,OPT007,Adaptive LED Headlights,2024-12-24,1836,1027
20763,10257,OPT002,Premium Sound System,2024-12-30,1024,1036
20764,10194,OPT004,4-Zone Climate Control,2024-02-26,3060,1023
20765,10756,OPT005,Premium Sound System,2024-03-27,1209,1047
20766,10775,OPT004,Panoramic Sunroof,2024-04-22,2783,1036
20767,10004,OPT006,Harman Kardon System,2024-08-20,1401,1028
20768,10767,OPT005,All-Wheel Drive,2024-06-03,2642,1015
20769,10081,OPT007,Adaptive LED Headlights,2024-03-20,2230,1039
20770,10240,OPT009,Panoramic Sunroof,2024-02-04,2072,1040
20771,10050,OPT008,Wireless Phone Charging,2024-08-29,2999,1019
20772,10551,OPT009,4-Zone Climate Control,2024-08-10,1818,1038
20773,10665,OPT005,Panoramic Sunroof,2024-12-28,1934,1016
20774,10739,OPT010,Premium Sound System,2024-04-25,2294,1025
20775,10349,OPT008,Premium Sound System,2024-01-12,2356,1029
20776,10947,OPT009,Harman Kardon System,2024-02-02,1191,1042
20777,10077,OPT005,Navigation System,2024-10-23,3177,1014
20778,10216,OPT003,Leather Upholstery,2024-04-03,1424,1037
20779,10250,OPT007,Panoramic Sunroof,2024-06-30,1066,1044
20780,10281,OPT008,Premium Sound System,2024-06-03,1906,1029
20781,10997,OPT007,Adaptive LED Headlights,2024-12-13,1222,1021
20782,10858,OPT006,Navigation System,2024-09-23,1306,1014
20783,10316,OPT004,Wireless Phone Charging,2024-10-23,1697,1043
20784,10572,OPT004,Navigation System,2024-05-05,902,1004
20785,10952,OPT010,Wireless Phone Charging,2024-03-05,2295,1030
20786,10076,OPT003,Leather Upholstery,2024-07-08,1561,1040
20787,10875,OPT006,4-Zone Climate Control,2024-03-19,3443,1044
20788,10212,OPT006,Harman Kardon System,2024-05-28,809,1030
20789,10792,OPT007,Wireless Phone Charging,2024-05-06,3027,1040
20790,10381,OPT006,Adaptive LED Headlights,2024-04-02,3241,1005
20791,10331,OPT004,Panoramic Sunroof,2024-06-11,1707,1021
20792,10784,OPT005,4-Zone Climate Control,2024-07-11,2076,1022
20793,10655,OPT004,4-Zone Climate Control,2024-07-13,3117,1009
20794,10019,OPT008,Premium Sound System,2024-01-04,1856,1043
20795,10677,OPT002,Panoramic Sunroof,2024-04-22,2769,1031
20796,10319,OPT009,Navigation System,2024-05-03,2195,1031
20797,10323,OPT008,Adaptive LED Headlights,2024-12-18,1939,1013
20798,10917,OPT005,Leather Upholstery,2024-09-04,1367,1044
20799,10653,OPT004,Parking Assist Plus,2024-10-15,2644,1037
20800,10408,OPT009,Adaptive LED Headlights,2024-01-29,2266,1040
20801,10819,OPT002,4-Zone Climate Control,2024-04-18,1627,1018
20802,10788,OPT005,Premium Sound System,2024-06-16,886,1026
20803,10497,OPT002,Adaptive LED Headlights,2024-02-17,2653,1018
20804,10706,OPT006,Harman Kardon System,2024-09-18,3390,1041
20805,11000,OPT008,Navigation System,2024-06-17,822,1028
20806,10676,OPT009,Harman Kardon System,2024-07-28,3100,1020
20807,10133,OPT002,All-Wheel Drive,2024-08-19,3392,1015
20808,10035,OPT001,Leather Upholstery,2024-11-23,3231,1044
20809,10232,OPT008,Navigation System,2024-02-04,2529,1046
20810,10392,OPT006,4-Zone Climate Control,2024-10-19,1908,1013
20811,10201,OPT009,Wireless Phone Charging,2024-01-16,2475,1002
20812,10958,OPT003,Wireless Phone Charging,2024-03-09,1501,1038
20813,10415,OPT005,Wireless Phone Charging,2024-05-24,2719,1049
20814,10177,OPT003,All-Wheel Drive,2024-01-13,1675,1038
20815,10150,OPT005,Harman Kardon System,2024-07-15,1517,1018
20816,10580,OPT001,Harman Kardon System,2024-03-17,2819,1045
20817,10708,OPT003,Wireless Phone Charging,2024-11-03,3214,1036
20818,10902,OPT008,Navigation System,2024-09-08,2917,1042
20819,10996,OPT009,Harman Kardon System,2024-06-22,1498,1038
20820,10737,OPT002,Navigation System,2024-08-06,1823,1047
20821,10513,OPT005,Panoramic Sunroof,2024-04-02,1250,1012
20822,10892,OPT007,Leather Upholstery,2024-11-11,1470,1033
20823,10353,OPT008,Parking Assist Plus,2024-02-20,1163,1019
20824,10314,OPT004,4-Zone Climate Control,2024-04-10,906,1025
20825,10937,OPT003,Parking Assist Plus,2024-08-08,3435,1035
20826,10596,OPT001,Leather Upholstery,2024-03-16,2590,1050
20827,10868,OPT010,Premium Sound System,2024-06-06,1127,1041
20828,10883,OPT009,Navigation System,2024-11-05,3174,1021
20829,10870,OPT001,Adaptive LED Headlights,2024-01-28,2187,1021
20830,10533,OPT008,Premium Sound System,2024-02-26,2454,1028
20831,10165,OPT006,4-Zone Climate Control,2024-06-06,950,1033
20832,10260,OPT003,4-Zone Climate Control,2024-11-16,3243,1013
20833,10162,OPT009,Harman Kardon System,2024-01-02,3409,1007
20834,10146,OPT003,Wireless Phone Charging,2024-11-06,1003,1043
20835,10699,OPT009,4-Zone Climate Control,2024-06-15,2160,1011
20836,10379,OPT002,Harman Kardon System,2024-07-09,3089,1022
20837,10957,OPT010,Parking Assist Plus,2024-08-22,2276,1026
20838,10199,OPT001,Wireless Phone Charging,2024-03-29,3068,1005
20839,10294,OPT008,4-Zone Climate Control,2024-10-16,2702,1042
20840,10904,OPT002,Leather Upholstery,2024-11-30,1820,1006
20841,10773,OPT006,Navigation System,2024-11-18,2762,1016
20842,10611,OPT009,Adaptive LED Headlights,2024-12-04,1606,1010
20843,10202,OPT004,Panoramic Sunroof,2024-09-18,1229,1002
20844,10806,OPT001,Adaptive LED Headlights,2024-04-09,2412,1035
20845,10975,OPT006,4-Zone Climate Control,2024-09-10,816,1005
20846,10725,OPT009,Wireless Phone Charging,2024-12-16,2247,1030
20847,10938,OPT007,Panoramic Sunroof,2024-07-17,2839,1034
20848,10662,OPT004,Adaptive LED Headlights,2024-08-06,3365,1010
20849,10109,OPT009,Premium Sound System,2024-01-10,1001,1026
20850,10901,OPT006,4-Zone Climate Control,2024-09-03,1126,1050
20851,10017,OPT005,Premium Sound System,2024-05-03,1803,1033
20852,10756,OPT009,Leather Upholstery,2024-11-27,2714,1026
20853,10541,OPT006,Adaptive LED Headlights,2024-12-22,2252,1029
20854,10497,OPT008,Navigation System,2024-12-17,2123,1034
20855,10676,OPT004,Parking Assist Plus,2024-11-08,2452,1012
20856,10355,OPT001,Navigation System,2024-05-24,1338,1017
20857,10575,OPT007,Harman Kardon System,2024-05-09,2962,1002
20858,10950,OPT008,Wireless Phone Charging,2024-12-01,2238,1049
20859,10265,OPT008,Parking Assist Plus,2024-11-29,1100,1025
20860,10171,OPT006,Adaptive LED Headlights,2024-06-09,2618,1040
20861,10026,OPT003,Harman Kardon System,2024-06-21,805,1028
20862,10195,OPT009,Panoramic Sunroof,2024-09-09,2887,1037
20863,10031,OPT004,Panoramic Sunroof,2024-05-16,1676,1013
20864,10677,OPT009,All-Wheel Drive,2024-03-18,1638,1024
20865,10625,OPT004,All-Wheel Drive,2024-10-29,1224,1003
20866,10239,OPT010,All-Wheel Drive,2024-05-18,1796,1007
20867,10524,OPT004,Parking Assist Plus,2024-06-30,2457,1026
20868,10990,OPT004,Adaptive LED Headlights,2024-10-19,3222,1018
20869,10769,OPT005,Leather Upholstery,2024-10-10,815,1048
20870,10540,OPT006,Adaptive LED Headlights,2024-05-08,1683,1042
20871,10354,OPT008,Navigation System,2024-04-01,1826,1031
20872,10976,OPT001,Adaptive LED Headlights,2024-01-24,2739,1032
20873,10099,OPT004,4-Zone Climate Control,2024-05-09,867,1027
20874,10828,OPT009,4-Zone Climate Control,2024-04-05,2109,1005
20875,10118,OPT006,Navigation System,2024-09-05,2608,1045
20876,10552,OPT008,Adaptive LED Headlights,2024-10-11,2292,1026
20877,10436,OPT001,Parking Assist Plus,2024-10-03,2577,1034
20878,10843,OPT007,4-Zone Climate Control,2024-06-29,1937,1047
20879,10615,OPT009,Panoramic Sunroof,2024-11-10,1759,1022
20880,10712,OPT007,Parking Assist Plus,2024-04-07,2123,1048
20881,10745,OPT004,Adaptive LED Headlights,2024-01-23,3028,1045
20882,10469,OPT002,Navigation System,2024-03-10,1181,1040
20883,10966,OPT005,Adaptive LED Headlights,2024-01-23,3047,1019
20884,10501,OPT002,All-Wheel Drive,2024-07-04,1787,1020
20885,10628,OPT008,Adaptive LED Headlights,2024-02-22,2458,1021
20886,10850,OPT009,4-Zone Climate Control,2024-06-17,1080,1034
20887,10073,OPT009,Premium Sound System,2024-09-12,1770,1013
20888,10998,OPT009,4-Zone Climate Control,2024-09-19,1582,1038
20889,10203,OPT004,Panoramic Sunroof,2024-12-21,3210,1045
20890,10827,OPT010,Leather Upholstery,2024-09-15,2989,1002
20891,10797,OPT002,Leather Upholstery,2024-02-14,2455,1046
20892,10652,OPT005,Premium Sound System,2024-09-25,3428,1050
20893,10936,OPT002,Wireless Phone Charging,2024-12-16,870,1003
20894,10413,OPT004,Harman Kardon System,2024-04-28,3376,1049
20895,10191,OPT004,Parking Assist Plus,2024-01-13,816,1047
20896,10574,OPT002,4-Zone Climate Control,2024-07-30,3050,1042
20897,10726,OPT006,Wireless Phone Charging,2024-10-10,2760,1030
20898,10225,OPT001,Navigation System,2024-03-31,2163,1033
20899,10281,OPT003,Leather Upholstery,2024-04-15,1600,1003
20900,10142,OPT001,All-Wheel Drive,2024-07-11,1614,1035
20901,10373,OPT004,Harman Kardon System,2024-11-27,3290,1008
20902,10248,OPT002,Harman Kardon System,2024-08-09,2187,1049
20903,10994,OPT001,Leather Upholstery,2024-07-17,2725,1006
20904,10598,OPT008,Leather Upholstery,2024-02-08,2466,1010
20905,10003,OPT006,Adaptive LED Headlights,2024-07-11,2354,1036
20906,10318,OPT002,Parking Assist Plus,2024-12-16,887,1012
20907,10653,OPT003,Harman Kardon System,2024-02-21,2547,1041
20908,10816,OPT007,4-Zone Climate Control,2024-04-05,3468,1040
20909,10866,OPT007,Panoramic Sunroof,2024-03-28,1404,1046
20910,10476,OPT006,Leather Upholstery,2024-02-10,3480,1013
20911,10095,OPT009,Premium Sound System,2024-10-19,1482,1034
20912,10465,OPT007,4-Zone Climate Control,2024-02-05,2899,1040
20913,10531,OPT005,Adaptive LED Headlights,2024-08-23,1518,1016
20914,10199,OPT003,Wireless Phone Charging,2024-08-04,2524,1044
20915,10434,OPT003,Harman Kardon System,2024-07-12,3213,1004
20916,10913,OPT005,Wireless Phone Charging,2024-02-18,1766,1023
20917,10751,OPT001,Adaptive LED Headlights,2024-03-15,1182,1047
20918,10869,OPT002,Leather Upholstery,2024-04-26,975,1036
20919,10347,OPT007,All-Wheel Drive,2024-12-07,2785,1047
20920,10612,OPT007,Parking Assist Plus,2024-09-05,2411,1003
20921,10081,OPT009,Wireless Phone Charging,2024-03-27,1797,1030
20922,10399,OPT010,Harman Kardon System,2024-05-02,3005,1046
20923,10448,OPT010,Adaptive LED Headlights,2024-04-18,1645,1003
20924,10036,OPT010,All-Wheel Drive,2024-10-22,3335,1043
20925,10170,OPT002,4-Zone Climate Control,2024-06-26,1372,1040
20926,10003,OPT002,Harman Kardon System,2024-10-13,1120,1031
20927,10576,OPT006,Adaptive LED Headlights,2024-04-02,2626,1015
20928,10533,OPT003,4-Zone Climate Control,2024-08-24,1964,1015
20929,10947,OPT007,Adaptive LED Headlights,2024-12-15,2393,1020
20930,10130,OPT002,Parking Assist Plus,2024-01-11,1056,1048
20931,10369,OPT010,Panoramic Sunroof,2024-10-12,2242,1050
20932,10019,OPT005,Parking Assist Plus,2024-02-03,2111,1012
20933,10255,OPT001,Navigation System,2024-03-26,3494,1045
20934,10685,OPT005,Panoramic Sunroof,2024-12-15,2866,1047
20935,10302,OPT003,Leather Upholstery,2024-07-30,1155,1039
20936,10321,OPT007,Wireless Phone Charging,2024-02-20,2014,1035
20937,10500,OPT006,Harman Kardon System,2024-02-02,1164,1036
20938,10044,OPT007,Premium Sound System,2024-01-17,2144,1046
20939,10798,OPT006,Leather Upholstery,2024-06-11,1756,1041
20940,10287,OPT006,Adaptive LED Headlights,2024-04-06,1362,1034
20941,10955,OPT005,Wireless Phone Charging,2024-10-19,3423,1049
20942,10403,OPT005,Harman Kardon System,2024-12-06,2413,1010
20943,10693,OPT007,Wireless Phone Charging,2024-07-08,1639,1039
20944,10333,OPT003,Premium Sound System,2024-08-28,2981,1029
20945,10425,OPT003,Leather Upholstery,2024-11-13,2493,1039
20946,10190,OPT004,Premium Sound System,2024-02-21,2269,1036
20947,10444,OPT006,Navigation System,2024-05-16,1473,1034
20948,10804,OPT004,4-Zone Climate Control,2024-03-21,3352,1019
20949,10319,OPT003,Leather Upholstery,2024-08-21,997,1003
20950,10689,OPT010,Wireless Phone Charging,2024-10-26,928,1050
20951,10883,OPT006,4-Zone Climate Control,2024-10-18,1006,1041
20952,10294,OPT002,Harman Kardon System,2024-06-23,2876,1041
20953,10470,OPT008,Panoramic Sunroof,2024-04-23,1077,1035
20954,10529,OPT006,Leather Upholstery,2024-11-12,2680,1006
20955,10693,OPT001,Panoramic Sunroof,2024-11-10,1024,1039
20956,10054,OPT005,4-Zone Climate Control,2024-04-16,1820,1013
20957,10539,OPT008,Wireless Phone Charging,2024-06-28,2382,1050
20958,10359,OPT005,Adaptive LED Headlights,2024-11-08,2042,1042
20959,10878,OPT008,Panoramic Sunroof,2024-11-27,3394,1034
20960,10656,OPT004,Premium Sound System,2024-08-06,1367,1017
20961,10404,OPT005,All-Wheel Drive,2024-03-24,1447,1018
20962,10761,OPT002,Premium Sound System,2024-05-04,2337,1012
20963,10480,OPT010,Wireless Phone Charging,2024-05-17,2221,1026
20964,10815,OPT008,Harman Kardon System,2024-05-11,1030,1011
20965,10152,OPT006,Navigation System,2024-01-21,1764,1007
20966,10448,OPT004,Navigation System,2024-04-09,3293,1022
20967,10349,OPT009,All-Wheel Drive,2024-08-27,1184,1008
20968,10929,OPT004,Adaptive LED Headlights,2024-05-21,1942,1029
20969,10910,OPT009,Parking Assist Plus,2024-01-26,2256,1047
20970,10874,OPT001,Parking Assist Plus,2024-03-08,1499,1046
20971,10131,OPT009,Leather Upholstery,2024-05-19,1312,1001
20972,10685,OPT007,All-Wheel Drive,2024-10-22,2079,1011
20973,10952,OPT007,Parking Assist Plus,2024-07-27,2897,1013
20974,10140,OPT005,4-Zone Climate Control,2024-10-02,807,1024
20975,10715,OPT007,Panoramic Sunroof,2024-10-24,2272,1032
20976,10907,OPT005,Adaptive LED Headlights,2024-08-15,2881,1007
20977,10444,OPT004,Leather Upholstery,2024-05-19,3455,1002
20978,10982,OPT009,Wireless Phone Charging,2024-05-31,2769,1031
20979,10196,OPT008,Panoramic Sunroof,2024-07-29,1031,1038
20980,10695,OPT002,Panoramic Sunroof,2024-03-10,1371,1036
20981,10589,OPT009,Adaptive LED Headlights,2024-01-16,3313,1018
20982,10294,OPT002,Harman Kardon System,2024-08-02,2806,1046
20983,10189,OPT002,Harman Kardon System,2024-10-22,1399,1014
20984,10946,OPT005,Navigation System,2024-12-07,1753,1022
20985,10074,OPT010,Navigation System,2024-08-21,2198,1049
20986,10641,OPT004,Premium Sound System,2024-02-04,2267,1039
20987,10318,OPT007,Adaptive LED Headlights,2024-05-04,878,1001
20988,10729,OPT010,Adaptive LED Headlights,2024-02-26,990,1004
20989,10463,OPT010,Navigation System,2024-06-21,3349,1001
20990,10790,OPT006,Leather Upholstery,2024-08-30,889,1027
20991,10058,OPT007,Wireless Phone Charging,2024-08-25,1618,1023
20992,10858,OPT007,Parking Assist Plus,2024-10-20,812,1007
20993,10907,OPT010,Panoramic Sunroof,2024-08-18,1489,1003
20994,10809,OPT005,Harman Kardon System,2024-07-02,1804,1016
20995,10528,OPT002,Panoramic Sunroof,2024-08-17,2353,1019
20996,10244,OPT003,Premium Sound System,2024-09-15,1037,1025
20997,10484,OPT006,Panoramic Sunroof,2024-10-10,2885,1028
20998,10032,OPT003,Parking Assist Plus,2024-10-18,1091,1043
20999,10758,OPT007,Premium Sound System,2024-05-17,2023,1015
21000,10605,OPT006,Premium Sound System,2024-01-20,2624,1015
21001,10391,OPT008,All-Wheel Drive,2024-02-19,3438,1037
21002,10059,OPT008,Wireless Phone Charging,2024-11-14,1588,1040
21003,10254,OPT006,Leather Upholstery,2024-10-27,1354,1021
21004,10492,OPT004,Panoramic Sunroof,2024-09-15,3207,1023
21005,10428,OPT007,Adaptive LED Headlights,2024-04-05,2677,1008
21006,10248,OPT003,4-Zone Climate Control,2024-04-01,1211,1011
21007,10908,OPT007,Premium Sound System,2024-07-05,3268,1004
21008,10169,OPT002,Harman Kardon System,2024-01-13,1599,1023
21009,10945,OPT008,Premium Sound System,2024-08-26,3150,1037
21010,10738,OPT005,Harman Kardon System,2024-10-20,1276,1044
21011,10773,OPT004,Wireless Phone Charging,2024-05-18,1133,1049
21012,10106,OPT002,Adaptive LED Headlights,2024-06-21,1360,1035
21013,10618,OPT008,4-Zone Climate Control,2024-04-18,3484,1007
21014,10295,OPT005,Panoramic Sunroof,2024-01-23,2529,1046
21015,10664,OPT002,Wireless Phone Charging,2024-01-29,2474,1048
21016,10658,OPT005,4-Zone Climate Control,2024-10-15,2541,1044
21017,10042,OPT003,4-Zone Climate Control,2024-10-02,3060,1003
21018,10473,OPT004,All-Wheel Drive,2024-07-21,2927,1036
21019,10902,OPT008,Harman Kardon System,2024-01-04,964,1042
21020,10997,OPT001,Wireless Phone Charging,2024-02-11,2620,1037
21021,10403,OPT003,4-Zone Climate Control,2024-10-26,1135,1005
21022,10881,OPT005,Leather Upholstery,2024-01-30,2340,1029
21023,10827,OPT002,Premium Sound System,2024-09-09,2387,1001
21024,10039,OPT001,Adaptive LED Headlights,2024-11-22,3339,1031
21025,10783,OPT007,Leather Upholstery,2024-03-12,1381,1028
21026,10004,OPT001,Premium Sound System,2024-10-18,2178,1039
21027,10935,OPT002,Wireless Phone Charging,2024-07-09,1146,1016
21028,10961,OPT010,Harman Kardon System,2024-07-20,878,1046
21029,10755,OPT003,All-Wheel Drive,2024-04-23,2973,1026
21030,10573,OPT005,4-Zone Climate Control,2024-11-12,3473,1046
21031,10452,OPT007,Panoramic Sunroof,2024-07-23,3210,1003
21032,10817,OPT002,Parking Assist Plus,2024-08-21,2863,1021
21033,10141,OPT004,4-Zone Climate Control,2024-10-26,3186,1047
21034,10892,OPT004,Premium Sound System,2024-09-24,1720,1011
21035,10726,OPT004,Premium Sound System,2024-05-20,1805,1038
21036,10396,OPT007,4-Zone Climate Control,2024-01-28,1671,1027
21037,10115,OPT002,Leather Upholstery,2024-12-03,2937,1042
21038,10031,OPT006,Wireless Phone Charging,2024-08-15,2605,1014
21039,10498,OPT001,Premium Sound System,2024-11-01,2014,1037
21040,10457,OPT001,4-Zone Climate Control,2024-11-22,2602,1014
21041,10874,OPT003,Wireless Phone Charging,2024-05-07,2599,1029
21042,10754,OPT005,4-Zone Climate Control,2024-01-19,2219,1027
21043,10229,OPT010,Parking Assist Plus,2024-02-14,2895,1050
21044,10593,OPT001,Harman Kardon System,2024-11-29,1211,1018
21045,10183,OPT001,4-Zone Climate Control,2024-12-27,2846,1015
21046,10957,OPT004,Leather Upholstery,2024-11-13,2639,1030
21047,10250,OPT001,Harman Kardon System,2024-11-01,2651,1048
21048,10059,OPT002,Wireless Phone Charging,2024-10-13,2920,1022
21049,10523,OPT001,Panoramic Sunroof,2024-11-13,1002,1039
21050,10904,OPT003,Parking Assist Plus,2024-05-11,3127,1041
21051,10305,OPT002,Panoramic Sunroof,2024-06-22,1603,1010
21052,10247,OPT007,Navigation System,2024-09-09,3322,1048
21053,10421,OPT004,Wireless Phone Charging,2024-04-16,1994,1017
21054,10342,OPT002,4-Zone Climate Control,2024-04-26,1511,1022
21055,10219,OPT002,Leather Upholstery,2024-09-27,1700,1038
21056,10657,OPT008,Adaptive LED Headlights,2024-09-17,1650,1014
21057,10266,OPT006,Leather Upholstery,2024-01-31,3202,1013
21058,10478,OPT002,4-Zone Climate Control,2024-10-17,910,1004
21059,10695,OPT005,4-Zone Climate Control,2024-05-05,1061,1028
21060,10798,OPT005,Harman Kardon System,2024-02-04,1454,1019
21061,10990,OPT006,Wireless Phone Charging,2024-10-11,2270,1006
21062,10730,OPT003,Leather Upholstery,2024-02-25,2191,1016
21063,10105,OPT002,Parking Assist Plus,2024-03-14,956,1010
21064,10134,OPT009,4-Zone Climate Control,2024-08-16,1857,1019
21065,10929,OPT004,Premium Sound System,2024-07-22,2622,1016
21066,10962,OPT001,All-Wheel Drive,2024-11-11,2115,1006
21067,10125,OPT007,Harman Kardon System,2024-09-03,1998,1044
21068,10869,OPT003,Panoramic Sunroof,2024-12-09,1369,1027
21069,10647,OPT009,All-Wheel Drive,2024-08-23,1198,1012
21070,10821,OPT005,Harman Kardon System,2024-11-28,3432,1024
21071,10615,OPT001,All-Wheel Drive,2024-09-09,1157,1047
21072,10399,OPT009,Harman Kardon System,2024-05-10,2195,1025
21073,10893,OPT008,Harman Kardon System,2024-12-10,819,1017
21074,10950,OPT004,All-Wheel Drive,2024-01-19,3291,1037
21075,10368,OPT003,Parking Assist Plus,2024-12-13,1525,1047
21076,10147,OPT005,Wireless Phone Charging,2024-12-01,2263,1006
21077,10997,OPT005,Panoramic Sunroof,2024-08-27,2110,1011
21078,10996,OPT006,Harman Kardon System,2024-02-18,2687,1008
21079,10060,OPT001,Parking Assist Plus,2024-10-29,2067,1044
21080,10207,OPT007,Navigation System,2024-02-16,3196,1041
21081,10944,OPT002,Harman Kardon System,2024-01-27,2804,1013
21082,10951,OPT001,All-Wheel Drive,2024-04-30,1600,1014
21083,10677,OPT008,Panoramic Sunroof,2024-11-22,2214,1041
21084,10630,OPT004,Harman Kardon System,2024-09-19,2931,1018
21085,10171,OPT009,Wireless Phone Charging,2024-11-04,2349,1021
21086,10881,OPT009,All-Wheel Drive,2024-12-12,1207,1005
21087,10682,OPT006,All-Wheel Drive,2024-06-19,3487,1032
21088,10728,OPT006,All-Wheel Drive,2024-08-31,2274,1007
21089,10797,OPT002,Harman Kardon System,2024-12-02,2668,1021
21090,10415,OPT009,Panoramic Sunroof,2024-07-18,1128,1040
21091,10240,OPT004,Harman Kardon System,2024-05-24,2821,1005
21092,10721,OPT008,All-Wheel Drive,2024-07-26,3212,1008
21093,10240,OPT008,Harman Kardon System,2024-03-25,1281,1027
21094,10002,OPT010,Leather Upholstery,2024-12-12,2844,1004
21095,10239,OPT001,Leather Upholstery,2024-10-05,1691,1015
21096,10462,OPT009,Leather Upholstery,2024-10-12,1532,1023
21097,10162,OPT007,Harman Kardon System,2024-09-21,1809,1004
21098,10834,OPT008,Panoramic Sunroof,2024-06-08,1304,1044
21099,10109,OPT005,Adaptive LED Headlights,2024-11-11,986,1036
21100,10561,OPT003,Wireless Phone Charging,2024-08-23,2001,1050
21101,10041,OPT005,Leather Upholstery,2024-04-22,1653,1014
21102,10719,OPT007,4-Zone Climate Control,2024-11-16,863,1012
21103,10886,OPT009,All-Wheel Drive,2024-11-01,3056,1019
21104,10932,OPT007,Parking Assist Plus,2024-06-01,3494,1042
21105,10264,OPT008,Panoramic Sunroof,2024-07-22,2445,1031
21106,10524,OPT009,Premium Sound System,2024-05-19,1850,1046
21107,10647,OPT010,All-Wheel Drive,2024-01-13,1748,1036
21108,10961,OPT001,Adaptive LED Headlights,2024-04-03,3454,1017
21109,10584,OPT003,All-Wheel Drive,2024-06-10,1525,1004
21110,10224,OPT004,Premium Sound System,2024-04-16,2165,1005
21111,10009,OPT004,Leather Upholstery,2024-01-17,1835,1028
21112,10594,OPT003,Leather Upholstery,2024-02-22,1005,1048
21113,10986,OPT003,Parking Assist Plus,2024-02-23,2403,1042
21114,10803,OPT008,Parking Assist Plus,2024-06-09,1502,1015
21115,10287,OPT010,Parking Assist Plus,2024-07-17,1188,1026
21116,10381,OPT007,Parking Assist Plus,2024-03-12,1781,1034
21117,10168,OPT004,Wireless Phone Charging,2024-06-23,2043,1002
21118,10777,OPT006,Harman Kardon System,2024-05-01,1632,1003
21119,10970,OPT005,Harman Kardon System,2024-10-15,1876,1013
21120,10348,OPT003,Harman Kardon System,2024-02-09,3097,1026
21121,10179,OPT007,Harman Kardon System,2024-08-11,1987,1042
21122,10377,OPT001,Panoramic Sunroof,2024-03-25,3308,1026
21123,10685,OPT009,Leather Upholstery,2024-03-27,2464,1002
21124,10319,OPT004,Parking Assist Plus,2024-08-16,1528,1008
21125,10930,OPT007,Panoramic Sunroof,2024-12-17,2265,1011
21126,10815,OPT009,Adaptive LED Headlights,2024-08-11,1811,1035
21127,10352,OPT002,Leather Upholstery,2024-07-15,2956,1028
21128,10220,OPT008,Premium Sound System,2024-01-25,3279,1001
21129,10008,OPT005,Premium Sound System,2024-08-03,2553,1047
21130,10462,OPT010,Adaptive LED Headlights,2024-12-21,2858,1032
21131,10571,OPT010,Navigation System,2024-05-01,2912,1018
21132,10302,OPT008,Harman Kardon System,2024-12-26,2273,1040
21133,10694,OPT001,4-Zone Climate Control,2024-10-13,2552,1016
21134,10406,OPT004,Leather Upholstery,2024-03-31,3484,1004
21135,10957,OPT010,Adaptive LED Headlights,2024-08-01,3086,1035
21136,10684,OPT004,Wireless Phone Charging,2024-06-20,2612,1013
21137,10303,OPT001,Leather Upholstery,2024-09-04,1082,1031
21138,10940,OPT004,Premium Sound System,2024-03-03,927,1016
21139,10163,OPT009,Harman Kardon System,2024-06-27,1028,1010
21140,10692,OPT008,Adaptive LED Headlights,2024-03-23,1178,1011
21141,10136,OPT010,All-Wheel Drive,2024-04-28,1705,1018
21142,10844,OPT007,All-Wheel Drive,2024-01-11,1186,1007
21143,10573,OPT004,Wireless Phone Charging,2024-12-23,2092,1012
21144,10547,OPT006,Navigation System,2024-02-20,1354,1036
21145,10111,OPT002,Panoramic Sunroof,2024-06-10,2374,1026
21146,10624,OPT005,Parking Assist Plus,2024-02-20,1793,1047
21147,10388,OPT002,Harman Kardon System,2024-06-18,1813,1029
21148,10325,OPT002,4-Zone Climate Control,2024-05-08,3409,1020
21149,10838,OPT004,4-Zone Climate Control,2024-06-22,1594,1026
21150,10160,OPT010,Premium Sound System,2024-09-12,3464,1012
21151,10714,OPT008,Wireless Phone Charging,2024-02-15,2552,1008
21152,10055,OPT008,4-Zone Climate Control,2024-02-07,910,1015
21153,10078,OPT005,Premium Sound System,2024-11-23,1074,1046
21154,10197,OPT008,Parking Assist Plus,2024-02-01,2568,1046
21155,10677,OPT002,Harman Kardon System,2024-05-18,1598,1044
21156,10301,OPT008,Wireless Phone Charging,2024-06-08,2996,1031
21157,10769,OPT004,4-Zone Climate Control,2024-11-30,2658,1029
21158,10981,OPT002,Navigation System,2024-11-05,1143,1040
21159,10657,OPT005,Premium Sound System,2024-11-09,1060,1042
21160,10956,OPT009,4-Zone Climate Control,2024-07-18,2208,1006
21161,10312,OPT006,Adaptive LED Headlights,2024-12-16,827,1047
21162,10875,OPT008,Leather Upholstery,2024-03-30,3375,1031
21163,10284,OPT007,Navigation System,2024-05-16,1606,1035
21164,10427,OPT005,Parking Assist Plus,2024-04-16,2558,1034
21165,10033,OPT008,Wireless Phone Charging,2024-09-14,1324,1024
21166,10325,OPT002,Harman Kardon System,2024-12-08,2896,1043
21167,10912,OPT004,Premium Sound System,2024-08-13,2768,1011
21168,10590,OPT003,All-Wheel Drive,2024-03-11,2236,1044
21169,10310,OPT006,Harman Kardon System,2024-05-31,1026,1010
21170,10829,OPT008,Harman Kardon System,2024-01-26,3268,1032
21171,10820,OPT006,Parking Assist Plus,2024-09-18,3111,1017
21172,10588,OPT006,Premium Sound System,2024-05-26,917,1037
21173,10550,OPT006,Wireless Phone Charging,2024-05-16,1620,1006
21174,10374,OPT002,4-Zone Climate Control,2024-05-08,3261,1048
21175,10993,OPT001,Harman Kardon System,2024-01-16,911,1048
21176,10102,OPT002,Navigation System,2024-04-08,1470,1040
21177,10667,OPT004,Harman Kardon System,2024-01-04,3344,1005
21178,10281,OPT009,Wireless Phone Charging,2024-11-14,1622,1030
21179,10594,OPT008,Adaptive LED Headlights,2024-12-07,998,1028
21180,10678,OPT005,4-Zone Climate Control,2024-05-25,2264,1014
21181,10112,OPT007,Harman Kardon System,2024-04-25,1965,1032
21182,10197,OPT006,Premium Sound System,2024-04-09,2302,1013
21183,10468,OPT004,Harman Kardon System,2024-05-04,1318,1023
21184,10162,OPT005,All-Wheel Drive,2024-12-17,1844,1006
21185,10464,OPT003,Navigation System,2024-11-04,1673,1041
21186,10203,OPT008,Harman Kardon System,2024-04-16,2814,1017
21187,10537,OPT009,Navigation System,2024-08-24,3138,1037
21188,10311,OPT001,Panoramic Sunroof,2024-02-22,2408,1049
21189,10701,OPT005,Wireless Phone Charging,2024-03-12,2945,1023
21190,10842,OPT005,Parking Assist Plus,2024-10-15,3043,1007
21191,10609,OPT002,Leather Upholstery,2024-04-30,3179,1012
21192,10318,OPT003,Leather Upholstery,2024-03-25,1816,1021
21193,10399,OPT010,Premium Sound System,2024-05-30,1695,1031
21194,10310,OPT007,Wireless Phone Charging,2024-01-26,865,1039
21195,10263,OPT008,Harman Kardon System,2024-10-14,1142,1014
21196,10413,OPT009,Wireless Phone Charging,2024-06-07,2038,1047
21197,10587,OPT010,Adaptive LED Headlights,2024-02-18,1855,1030
21198,10015,OPT003,Panoramic Sunroof,2024-01-22,2579,1030
21199,10081,OPT004,Wireless Phone Charging,2024-06-15,1579,1033
21200,10186,OPT009,Navigation System,2024-10-30,3313,1019
21201,10567,OPT003,Adaptive LED Headlights,2024-11-20,2898,1027
21202,10677,OPT005,Parking Assist Plus,2024-02-02,1994,1030
21203,10809,OPT005,4-Zone Climate Control,2024-03-06,1704,1031
21204,10857,OPT005,4-Zone Climate Control,2024-04-28,2916,1024
21205,10792,OPT002,Leather Upholstery,2024-07-29,1730,1050
21206,10262,OPT006,Wireless Phone Charging,2024-08-16,1597,1001
21207,10063,OPT008,Parking Assist Plus,2024-02-22,2587,1038
21208,10308,OPT002,Leather Upholstery,2024-04-03,1251,1013
21209,10775,OPT006,Adaptive LED Headlights,2024-05-16,2195,1011
21210,10037,OPT003,Wireless Phone Charging,2024-09-07,3494,1007
21211,10632,OPT007,Adaptive LED Headlights,2024-11-18,3377,1045
21212,10865,OPT005,4-Zone Climate Control,2024-05-23,2158,1029
21213,10315,OPT002,Panoramic Sunroof,2024-08-25,2509,1019
21214,10669,OPT006,Premium Sound System,2024-09-06,1564,1027
21215,10903,OPT003,Panoramic Sunroof,2024-06-17,3425,1047
21216,10184,OPT010,All-Wheel Drive,2024-08-31,937,1028
21217,10519,OPT005,Adaptive LED Headlights,2024-05-15,3488,1005
21218,10267,OPT004,All-Wheel Drive,2024-04-12,2894,1029
21219,10665,OPT006,Panoramic Sunroof,2024-05-22,865,1036
21220,10339,OPT006,Premium Sound System,2024-11-26,1800,1003
21221,10994,OPT002,Parking Assist Plus,2024-08-30,3197,1017
21222,10466,OPT002,Premium Sound System,2024-04-08,1324,1014
21223,10699,OPT004,Premium Sound System,2024-05-12,2861,1025
21224,10044,OPT009,Harman Kardon System,2024-04-13,3292,1028
21225,10931,OPT006,Panoramic Sunroof,2024-05-10,2634,1050
21226,10199,OPT009,4-Zone Climate Control,2024-10-05,3433,1050
21227,10567,OPT003,Wireless Phone Charging,2024-03-26,2786,1040
21228,10411,OPT003,Parking Assist Plus,2024-02-20,2079,1049
21229,10717,OPT002,4-Zone Climate Control,2024-07-14,2275,1001
21230,10601,OPT010,Harman Kardon System,2024-01-02,2684,1040
21231,10119,OPT004,4-Zone Climate Control,2024-03-20,2446,1037
21232,10894,OPT005,Harman Kardon System,2024-07-13,2289,1043
21233,10794,OPT006,Navigation System,2024-02-27,2160,1046
21234,10614,OPT010,Premium Sound System,2024-10-02,1682,1035
21235,10844,OPT003,4-Zone Climate Control,2024-12-30,2467,1039
21236,10405,OPT002,Harman Kardon System,2024-03-23,1802,1033
21237,10777,OPT005,All-Wheel Drive,2024-09-29,2554,1033
21238,10113,OPT009,Wireless Phone Charging,2024-01-11,2732,1031
21239,10205,OPT006,All-Wheel Drive,2024-11-14,1077,1006
21240,10148,OPT005,All-Wheel Drive,2024-03-23,1218,1026
21241,10583,OPT005,Wireless Phone Charging,2024-05-12,1739,1036
21242,10638,OPT003,Premium Sound System,2024-07-18,2042,1049
21243,10243,OPT004,All-Wheel Drive,2024-10-27,2652,1044
21244,10388,OPT001,All-Wheel Drive,2024-04-14,2827,1026
21245,10863,OPT004,Premium Sound System,2024-05-07,1212,1009
21246,10334,OPT004,4-Zone Climate Control,2024-02-28,3268,1024
21247,10849,OPT004,Panoramic Sunroof,2024-02-20,2228,1017
21248,10662,OPT009,Adaptive LED Headlights,2024-08-06,1165,1012
21249,10911,OPT006,4-Zone Climate Control,2024-12-07,1057,1004
21250,10045,OPT007,Navigation System,2024-12-10,2992,1006
21251,10235,OPT003,Wireless Phone Charging,2024-12-18,2217,1034
21252,10275,OPT003,Harman Kardon System,2024-03-01,1239,1041
21253,10727,OPT008,Navigation System,2024-02-03,1666,1025
21254,10832,OPT007,Premium Sound System,2024-03-21,1121,1031
21255,10851,OPT006,Parking Assist Plus,2024-06-17,967,1039
21256,10150,OPT008,Navigation System,2024-10-23,2824,1019
21257,10617,OPT002,Adaptive LED Headlights,2024-01-16,1661,1022
21258,10142,OPT004,Wireless Phone Charging,2024-03-05,2252,1002
21259,10854,OPT001,Premium Sound System,2024-12-26,2374,1041
21260,10169,OPT004,Harman Kardon System,2024-03-25,2534,1004
21261,10588,OPT010,Panoramic Sunroof,2024-03-24,1534,1026
21262,10543,OPT003,Parking Assist Plus,2024-02-21,1383,1021
21263,10528,OPT003,Premium Sound System,2024-06-23,877,1048
21264,10549,OPT008,Leather Upholstery,2024-07-11,2090,1011
21265,10834,OPT006,Adaptive LED Headlights,2024-11-07,1186,1028
21266,10346,OPT007,Wireless Phone Charging,2024-04-09,3308,1025
21267,10918,OPT001,Leather Upholstery,2024-04-26,3046,1023
21268,10582,OPT008,Premium Sound System,2024-01-14,3388,1016
21269,10477,OPT007,All-Wheel Drive,2024-02-16,2083,1012
21270,10810,OPT002,4-Zone Climate Control,2024-03-24,2683,1028
21271,10006,OPT007,Adaptive LED Headlights,2024-06-23,3289,1001
21272,10147,OPT009,Panoramic Sunroof,2024-01-13,2727,1018
21273,10246,OPT003,Harman Kardon System,2024-04-23,1811,1026
21274,10233,OPT006,4-Zone Climate Control,2024-11-17,2973,1036
21275,10281,OPT002,Harman Kardon System,2024-10-09,3498,1037
21276,10392,OPT008,4-Zone Climate Control,2024-09-27,2263,1035
21277,10039,OPT008,Wireless Phone Charging,2024-02-12,1993,1020
21278,10169,OPT010,4-Zone Climate Control,2024-05-29,2990,1036
21279,10101,OPT001,Harman Kardon System,2024-03-12,1330,1031
21280,10073,OPT010,Leather Upholstery,2024-09-02,3328,1025
21281,10313,OPT006,Wireless Phone Charging,2024-11-19,1812,1005
21282,10087,OPT007,Harman Kardon System,2024-07-15,2208,1050
21283,10908,OPT003,4-Zone Climate Control,2024-03-22,3081,1033
21284,10467,OPT002,Parking Assist Plus,2024-09-28,1191,1035
21285,10725,OPT003,Navigation System,2024-12-06,3441,1042
21286,10688,OPT008,Navigation System,2024-03-03,2830,1045
21287,10033,OPT005,Premium Sound System,2024-02-26,2473,1023
21288,10214,OPT001,All-Wheel Drive,2024-09-30,2465,1008
21289,10671,OPT008,Premium Sound System,2024-01-22,3236,1007
21290,10532,OPT002,All-Wheel Drive,2024-09-15,2248,1042
21291,10504,OPT009,Leather Upholstery,2024-06-21,3204,1023
21292,10455,OPT001,Leather Upholstery,2024-02-03,3095,1050
21293,10042,OPT001,Adaptive LED Headlights,2024-04-24,3333,1012
21294,10899,OPT007,Wireless Phone Charging,2024-06-01,1582,1019
21295,10956,OPT003,Harman Kardon System,2024-01-11,2522,1021
21296,10628,OPT002,Harman Kardon System,2024-08-30,3209,1044
21297,10256,OPT007,Premium Sound System,2024-01-23,2693,1020
21298,10923,OPT005,Wireless Phone Charging,2024-12-22,2613,1006
21299,10871,OPT008,4-Zone Climate Control,2024-04-17,1264,1022
21300,10502,OPT003,Parking Assist Plus,2024-07-22,1691,1032
21301,10501,OPT001,Harman Kardon System,2024-11-25,1502,1030
21302,10147,OPT010,All-Wheel Drive,2024-01-11,3123,1045
21303,10964,OPT009,Wireless Phone Charging,2024-11-09,2089,1022
21304,10839,OPT008,Premium Sound System,2024-04-05,2268,1007
21305,10584,OPT005,Adaptive LED Headlights,2024-02-07,1191,1025
21306,10540,OPT006,4-Zone Climate Control,2024-08-15,3320,1041
21307,10037,OPT006,Adaptive LED Headlights,2024-11-27,1860,1037
21308,10543,OPT002,All-Wheel Drive,2024-01-06,1962,1031
21309,10631,OPT008,Premium Sound System,2024-05-02,1165,1042
21310,10325,OPT007,4-Zone Climate Control,2024-01-07,1695,1013
21311,10234,OPT010,4-Zone Climate Control,2024-09-27,1268,1035
21312,10719,OPT005,All-Wheel Drive,2024-06-25,3121,1001
21313,10637,OPT009,Parking Assist Plus,2024-05-28,1069,1020
21314,10604,OPT005,Harman Kardon System,2024-04-29,2675,1024
21315,10887,OPT009,Leather Upholstery,2024-12-07,1306,1024
21316,10271,OPT005,Parking Assist Plus,2024-12-05,1127,1044
21317,10286,OPT003,Leather Upholstery,2024-04-20,3335,1028
21318,10487,OPT001,4-Zone Climate Control,2024-05-25,1820,1047
21319,10503,OPT003,Adaptive LED Headlights,2024-01-15,2095,1022
21320,10630,OPT001,Panoramic Sunroof,2024-11-26,2934,1009
21321,10436,OPT010,Navigation System,2024-04-17,1842,1045
21322,10653,OPT004,Parking Assist Plus,2024-08-25,1476,1031
21323,10415,OPT007,Adaptive LED Headlights,2024-10-27,1407,1043
21324,10354,OPT001,Leather Upholstery,2024-07-07,3490,1027
21325,10812,OPT007,Panoramic Sunroof,2024-05-16,1853,1018
21326,10824,OPT010,4-Zone Climate Control,2024-04-14,1302,1031
21327,10968,OPT007,Premium Sound System,2024-12-10,2848,1046
21328,10850,OPT003,Adaptive LED Headlights,2024-08-21,1887,1006
21329,10529,OPT008,Navigation System,2024-08-21,872,1037
21330,10951,OPT004,Navigation System,2024-07-16,1676,1004
21331,10982,OPT008,Leather Upholstery,2024-11-17,2984,1011
21332,10404,OPT004,Harman Kardon System,2024-02-27,1209,1038
21333,10606,OPT004,Navigation System,2024-08-14,3109,1003
21334,10577,OPT010,Leather Upholstery,2024-07-04,2097,1023
21335,10352,OPT007,4-Zone Climate Control,2024-11-21,1264,1018
21336,10095,OPT006,Premium Sound System,2024-02-13,1099,1027
21337,10356,OPT004,All-Wheel Drive,2024-10-07,1822,1010
21338,10807,OPT007,Panoramic Sunroof,2024-08-22,2836,1003
21339,10256,OPT003,Navigation System,2024-01-04,2605,1020
21340,10216,OPT004,Adaptive LED Headlights,2024-11-20,1707,1029
21341,10773,OPT010,All-Wheel Drive,2024-01-17,2446,1008
21342,10872,OPT008,All-Wheel Drive,2024-07-30,1548,1016
21343,10489,OPT010,Adaptive LED Headlights,2024-06-04,2508,1036
21344,10452,OPT006,Wireless Phone Charging,2024-10-01,1898,1040
21345,10302,OPT008,Harman Kardon System,2024-09-01,2865,1012
21346,10398,OPT002,All-Wheel Drive,2024-09-24,2951,1027
21347,10646,OPT008,Adaptive LED Headlights,2024-02-02,3221,1016
21348,10178,OPT009,Leather Upholstery,2024-11-04,2604,1008
21349,10870,OPT003,Parking Assist Plus,2024-02-27,2059,1045
21350,10322,OPT003,4-Zone Climate Control,2024-10-05,1586,1040
21351,10840,OPT010,Premium Sound System,2024-02-05,1207,1001
21352,10513,OPT004,Premium Sound System,2024-09-28,816,1024
21353,10098,OPT004,Adaptive LED Headlights,2024-08-30,1278,1009
21354,10906,OPT005,Parking Assist Plus,2024-06-27,3355,1005
21355,10270,OPT010,Navigation System,2024-03-06,1137,1029
21356,10949,OPT005,Leather Upholstery,2024-03-12,2842,1037
21357,10049,OPT010,Leather Upholstery,2024-06-25,1973,1006
21358,10545,OPT008,4-Zone Climate Control,2024-11-17,2924,1046
21359,10817,OPT003,Harman Kardon System,2024-08-22,3172,1023
21360,10546,OPT004,Navigation System,2024-05-03,3215,1044
21361,10316,OPT005,Navigation System,2024-06-20,1057,1023
21362,10504,OPT009,Navigation System,2024-11-22,2556,1044
21363,10893,OPT001,Parking Assist Plus,2024-11-21,1995,1020
21364,10842,OPT009,Panoramic Sunroof,2024-02-01,3167,1048
21365,10272,OPT002,Premium Sound System,2024-01-26,2060,1044
21366,10233,OPT005,Parking Assist Plus,2024-01-13,3343,1042
21367,10638,OPT009,Premium Sound System,2024-11-11,3103,1043
21368,10915,OPT009,Harman Kardon System,2024-12-15,1946,1031
21369,10984,OPT007,Parking Assist Plus,2024-10-12,835,1050
21370,10910,OPT005,Premium Sound System,2024-02-05,1307,1034
21371,10021,OPT006,Panoramic Sunroof,2024-07-25,1259,1024
21372,10178,OPT005,Wireless Phone Charging,2024-04-27,2848,1017
21373,10936,OPT007,All-Wheel Drive,2024-09-06,1482,1043
21374,10655,OPT008,Panoramic Sunroof,2024-01-07,3361,1050
21375,10349,OPT005,Harman Kardon System,2024-01-12,2675,1014
21376,10586,OPT009,Harman Kardon System,2024-01-30,3214,1031
21377,10820,OPT008,All-Wheel Drive,2024-05-26,1163,1023
21378,10253,OPT009,4-Zone Climate Control,2024-01-04,2176,1048
21379,10705,OPT003,Harman Kardon System,2024-04-04,1352,1036
21380,10514,OPT006,Navigation System,2024-02-10,915,1045
21381,10270,OPT003,Premium Sound System,2024-01-09,2574,1032
21382,10827,OPT008,All-Wheel Drive,2024-01-25,1484,1033
21383,10011,OPT005,Parking Assist Plus,2024-11-22,2753,1019
21384,10276,OPT002,All-Wheel Drive,2024-12-10,3215,1029
21385,10311,OPT009,Leather Upholstery,2024-01-15,1557,1048
21386,10004,OPT008,Panoramic Sunroof,2024-01-21,1785,1009
21387,10834,OPT003,Wireless Phone Charging,2024-04-26,2002,1038
21388,10078,OPT005,Leather Upholstery,2024-09-18,881,1022
21389,10338,OPT003,Premium Sound System,2024-04-05,3424,1009
21390,10397,OPT004,Leather Upholstery,2024-07-04,2493,1031
21391,10151,OPT002,All-Wheel Drive,2024-12-10,1155,1026
21392,10794,OPT001,Wireless Phone Charging,2024-11-19,2870,1035
21393,10459,OPT009,Leather Upholstery,2024-11-26,1256,1035
21394,10498,OPT009,Parking Assist Plus,2024-08-21,891,1013
21395,10852,OPT004,All-Wheel Drive,2024-10-11,2485,1009
21396,10088,OPT010,Adaptive LED Headlights,2024-10-20,2942,1039
21397,10399,OPT006,Adaptive LED Headlights,2024-04-19,1423,1046
21398,10701,OPT009,4-Zone Climate Control,2024-06-10,2792,1035
21399,10966,OPT005,Premium Sound System,2024-06-25,3368,1019
21400,10983,OPT009,Parking Assist Plus,2024-06-04,1135,1026
21401,10934,OPT008,Parking Assist Plus,2024-12-20,1685,1005
21402,10327,OPT007,Parking Assist Plus,2024-03-05,1461,1004
21403,10570,OPT001,4-Zone Climate Control,2024-12-27,1002,1039
21404,10480,OPT004,Panoramic Sunroof,2024-01-26,1776,1027
21405,10042,OPT005,Harman Kardon System,2024-03-04,871,1034
21406,10873,OPT004,All-Wheel Drive,2024-04-04,1194,1037
21407,10364,OPT005,4-Zone Climate Control,2024-12-30,1376,1050
21408,10772,OPT004,Wireless Phone Charging,2024-08-07,979,1038
21409,10740,OPT004,Parking Assist Plus,2024-01-04,1452,1038
21410,10254,OPT009,Adaptive LED Headlights,2024-02-24,1919,1039
21411,10833,OPT002,Leather Upholstery,2024-12-07,1885,1046
21412,10253,OPT007,Adaptive LED Headlights,2024-08-17,1474,1045
21413,10253,OPT006,Harman Kardon System,2024-07-15,2457,1029
21414,10456,OPT008,Navigation System,2024-05-14,2182,1023
21415,10100,OPT010,4-Zone Climate Control,2024-01-30,2578,1042
21416,10295,OPT005,Adaptive LED Headlights,2024-01-22,3003,1022
21417,10896,OPT006,Premium Sound System,2024-10-11,2506,1042
21418,10572,OPT007,Harman Kardon System,2024-07-20,2555,1004
21419,10187,OPT006,4-Zone Climate Control,2024-12-05,1061,1009
21420,10924,OPT007,Premium Sound System,2024-11-29,1437,1037
21421,10758,OPT008,Wireless Phone Charging,2024-09-27,850,1041
21422,10198,OPT007,Parking Assist Plus,2024-08-10,2765,1029
21423,10663,OPT010,Parking Assist Plus,2024-03-17,3391,1049
21424,10435,OPT009,Panoramic Sunroof,2024-12-22,1735,1018
21425,10676,OPT006,Panoramic Sunroof,2024-08-26,1795,1009
21426,10470,OPT008,All-Wheel Drive,2024-11-07,2338,1002
21427,10566,OPT005,Wireless Phone Charging,2024-12-18,1023,1043
21428,10524,OPT010,Adaptive LED Headlights,2024-09-03,3215,1026
21429,10590,OPT004,All-Wheel Drive,2024-05-23,2772,1008
21430,10433,OPT001,Harman Kardon System,2024-09-27,1308,1041
21431,10420,OPT008,All-Wheel Drive,2024-05-22,3421,1018
21432,10046,OPT005,Parking Assist Plus,2024-04-18,920,1043
21433,10940,OPT003,Premium Sound System,2024-11-06,2037,1015
21434,10741,OPT007,4-Zone Climate Control,2024-07-03,2734,1027
21435,10272,OPT009,4-Zone Climate Control,2024-04-11,1009,1035
21436,10793,OPT006,Wireless Phone Charging,2024-06-07,1540,1034
21437,10343,OPT006,Premium Sound System,2024-12-23,3244,1024
21438,10141,OPT001,4-Zone Climate Control,2024-10-31,881,1048
21439,10865,OPT006,Navigation System,2024-03-08,3373,1030
21440,10110,OPT004,Wireless Phone Charging,2024-11-17,1513,1020
21441,10956,OPT008,Leather Upholstery,2024-12-20,2079,1010
21442,10220,OPT004,Panoramic Sunroof,2024-08-06,3324,1015
21443,10458,OPT004,Navigation System,2024-06-26,1359,1009
21444,10888,OPT003,Panoramic Sunroof,2024-12-27,3186,1040
21445,10859,OPT003,Leather Upholstery,2024-02-18,2650,1010
21446,10767,OPT005,Leather Upholstery,2024-02-03,1128,1034
21447,10434,OPT005,Parking Assist Plus,2024-12-05,2845,1045
21448,10740,OPT009,Premium Sound System,2024-05-23,1311,1001
21449,10388,OPT004,Panoramic Sunroof,2024-02-21,1102,1035
21450,10973,OPT002,All-Wheel Drive,2024-11-22,3416,1040
21451,10033,OPT002,Premium Sound System,2024-02-25,2547,1032
21452,10329,OPT002,4-Zone Climate Control,2024-05-04,2590,1017
21453,10083,OPT006,Parking Assist Plus,2024-01-27,1488,1015
21454,10933,OPT002,Harman Kardon System,2024-07-31,2839,1034
21455,10915,OPT005,All-Wheel Drive,2024-10-19,978,1032
21456,10429,OPT009,Wireless Phone Charging,2024-03-20,1246,1001
21457,10372,OPT007,All-Wheel Drive,2024-04-05,2356,1004
21458,10585,OPT008,Adaptive LED Headlights,2024-02-15,1781,1012
21459,10640,OPT004,Harman Kardon System,2024-03-21,1248,1014
21460,10367,OPT006,All-Wheel Drive,2024-03-31,2332,1045
21461,10528,OPT007,Parking Assist Plus,2024-04-04,2847,1041
21462,10378,OPT009,Wireless Phone Charging,2024-03-07,2381,1019
21463,10043,OPT005,Harman Kardon System,2024-10-27,1033,1007
21464,10497,OPT008,Panoramic Sunroof,2024-11-13,1258,1020
21465,10146,OPT005,Navigation System,2024-12-05,1293,1044
21466,10925,OPT004,Harman Kardon System,2024-12-05,1856,1015
21467,10244,OPT006,Wireless Phone Charging,2024-06-16,2684,1025
21468,10901,OPT002,Adaptive LED Headlights,2024-11-17,1741,1016
21469,10907,OPT001,Adaptive LED Headlights,2024-05-30,854,1005
21470,10448,OPT003,Harman Kardon System,2024-07-15,1365,1003
21471,10774,OPT007,Wireless Phone Charging,2024-01-02,2417,1030
21472,10422,OPT008,Leather Upholstery,2024-06-22,2832,1011
21473,10705,OPT010,Parking Assist Plus,2024-04-25,2891,1026
21474,10801,OPT008,Premium Sound System,2024-09-14,2336,1001
21475,10377,OPT001,Navigation System,2024-04-12,1907,1036
21476,10026,OPT001,Navigation System,2024-05-21,3149,1042
21477,10135,OPT007,Wireless Phone Charging,2024-03-16,1630,1024
21478,10339,OPT009,Adaptive LED Headlights,2024-05-11,1292,1042
21479,10864,OPT006,Wireless Phone Charging,2024-06-27,2748,1042
21480,10886,OPT005,Leather Upholstery,2024-04-10,1372,1028
21481,10809,OPT009,Navigation System,2024-11-13,3413,1040
21482,10126,OPT002,Leather Upholstery,2024-10-24,3117,1018
21483,10801,OPT006,Premium Sound System,2024-04-01,2435,1045
21484,10485,OPT007,All-Wheel Drive,2024-05-03,2026,1032
21485,10357,OPT004,Harman Kardon System,2024-04-03,2345,1023
21486,10408,OPT004,4-Zone Climate Control,2024-02-27,3167,1019
21487,10357,OPT005,Wireless Phone Charging,2024-11-22,1095,1013
21488,10101,OPT002,Wireless Phone Charging,2024-04-14,2465,1016
21489,10526,OPT001,Navigation System,2024-08-14,1328,1045
21490,10550,OPT008,Parking Assist Plus,2024-09-09,3471,1038
21491,10561,OPT005,Adaptive LED Headlights,2024-01-23,1980,1027
21492,10390,OPT005,Harman Kardon System,2024-12-28,3492,1015
21493,10405,OPT010,4-Zone Climate Control,2024-07-15,3494,1035
21494,10420,OPT009,Premium Sound System,2024-07-03,2340,1007
21495,10342,OPT001,Wireless Phone Charging,2024-10-23,1479,1019
21496,10748,OPT006,All-Wheel Drive,2024-09-04,3159,1007
21497,10743,OPT007,Parking Assist Plus,2024-06-30,1333,1027
21498,10105,OPT006,Harman Kardon System,2024-02-29,2215,1044
21499,10811,OPT006,4-Zone Climate Control,2024-06-03,2508,1023
21500,10240,OPT008,Panoramic Sunroof,2024-05-01,2988,1004
